ACGATCTTAAGTAAACGCGGAAAATAATG,TTAAGTAAACGCGGAAAATA,1507
ACGATCTTAAGTAAGCGGGGAAAATAATG,TTAAGTAAGCGGGGAAAATA,57706
ACGATCTTAAGTAGACGCGGAAAATAATG,TTAAGTAGACGCGGAAAATA,613
ACGATCTTAAGTAAGCGCGGAAAATAATG,TTAAGTAAGCGCGGAAAATA,5313
ACGATCTTAAGTAAACGAGGAAAATAATG,TTAAGTAAACGAGGAAAATA,19594
ACGATCTTAAGTAGGCGAGGAAAATAATG,TTAAGTAGGCGAGGAAAATA,33626
ACGATCTTAAGTAGGCGCGGAAAATAATG,TTAAGTAGGCGCGGAAAATA,3096
ACGATCTTAAGTAAACGGGGAAAATAATG,TTAAGTAAACGGGGAAAATA,13069
ACGATCTTAAGTAAACGCGGAAAATAATG,TTAAGTAAACGCGGAAAATA,1507
ACGATCTTAAGTAGACGAGGAAAATAATG,TTAAGTAGACGAGGAAAATA,6653
ACGATCTTAAGTAGGCGGGGAAAATAATG,TTAAGTAGGCGGGGAAAATA,17908
ACGATCTTAAGTAAACGAGGAAAATAATG,TTAAGTAAACGAGGAAAATA,19594
ACGATCTTAAGTAAACGAGGAAAATAATG,TTAAGTAAACGAGGAAAATA,19594
ACGATCTTAAGTAAACGAGGAAAATAATG,TTAAGTAAACGAGGAAAATA,19594
ACGATCTTAAGTAGACGCGGAAAATAATG,TTAAGTAGACGCGGAAAATA,613
ACGATCTTAAGTAAGCGCGGAAAATAATG,TTAAGTAAGCGCGGAAAATA,5313
ACGATCTTAAGTAAGCGGGGAAAATAATG,TTAAGTAAGCGGGGAAAATA,57706
ACGATCTTAAGTAGACGCGGAAAATAATG,TTAAGTAGACGCGGAAAATA,613
ACGATCTTAAGTAGACGAGGAAAATAATG,TTAAGTAGACGAGGAAAATA,6653
ACGATCTTAAGTAAACGAGGAAAATAATG,TTAAGTAAACGAGGAAAATA,19594
ACGATCTTAAGTAGGCGGGGAAAATAATG,TTAAGTAGGCGGGGAAAATA,17908
ACGATCTTAAGTAGGCGAGGAAAATAATG,TTAAGTAGGCGAGGAAAATA,33626
ACGATCTTAAGTAGGCGGGGAAAATAATG,TTAAGTAGGCGGGGAAAATA,17908
ACGATCTTAAGTAAACGGGGAAAATAATG,TTAAGTAAACGGGGAAAATA,13069
ACGATCTTAAGTAAGCGCGGAAAATAATG,TTAAGTAAGCGCGGAAAATA,5313
ACGATCTTAAGTAAGCGCGGAAAATAATG,TTAAGTAAGCGCGGAAAATA,5313
ACGATCTTAAGTAGGCGCGGAAAATAATG,TTAAGTAGGCGCGGAAAATA,3096
ACGATCTTAAGTAGGCGCGGAAAATAATG,TTAAGTAGGCGCGGAAAATA,3096
ACGATCTTAAGTAGGCGGGGAAAATAATG,TTAAGTAGGCGGGGAAAATA,17908
ACGATCTTAAGTAAGCGCGGAAAATAATG,TTAAGTAAGCGCGGAAAATA,5313
ACGATCTTAAGTAGGCGGGGAAAATAATG,TTAAGTAGGCGGGGAAAATA,17908
ACGATTTTAAGTAGGCGAGGAAAATAATG,TTAAGTAGGCGAGGAAAATA,17908
ACGATCTTAAGTAAGCGGGGAAAATAATG,TTAAGTAAGCGGGGAAAATA,57706
ACGATCTTAAGTAGGCGCGGAAAATAATG,TTAAGTAGGCGCGGAAAATA,3096
ACGATCTTAAGTAGACGAGGAAAATAATG,TTAAGTAGACGAGGAAAATA,6653
ACGATCTTAAGTAGACGGGGAAAATAATG,TTAAGTAGACGGGGAAAATA,3543
ACGATCTTAAGTAAGCGGGGAAAATAATG,TTAAGTAAGCGGGGAAAATA,57706
ACGATCTTAAGTAAACGCGGAAAATAATG,TTAAGTAAACGCGGAAAATA,1507
ACGATCTTAAGTAAACGAGGAAAATAATG,TTAAGTAAACGAGGAAAATA,19594
ACGATCTTAAGTAGACGGGGAAAATAATG,TTAAGTAGACGGGGAAAATA,3543
ACGATCTTAAGTAGACGCGGAAAATAATG,TTAAGTAGACGCGGAAAATA,613
ACGATCTTAAGTAAACGGGGAAAATAATG,TTAAGTAAACGGGGAAAATA,13069
ACGATCTTAAGTAAGCGGGGAAAATAATG,TTAAGTAAGCGGGGAAAATA,57706
ACGATCTTAAGTAGGCGGGGAAAATAATG,TTAAGTAGGCGGGGAAAATA,17908
ACGATCTTAAGTAGACGAGGAAAATAATG,TTAAGTAGACGAGGAAAATA,6653
ACGATCTTAAGTAGGCGAGGAAAATAATG,TTAAGTAGGCGAGGAAAATA,33626
ACGATCTTAAGTAAGCGGGGAAAATAATG,TTAAGTAAGCGGGGAAAATA,57706
ACGATCTTAAGTAGACGGGGAAAATAATG,TTAAGTAGACGGGGAAAATA,3543
ACGATCTTAAGTAAACGGGGAAAATAATG,TTAAGTAAACGGGGAAAATA,13068
ACGATCTTAAGTAGGCGGGGAAAATAATG,TTAAGTAGGCGGGGAAAATA,17908
ACGATCTTAAGTAGACGCGGAAAATAATG,TTAAGTAGACGCGGAAAATA,613
ACGATCTTAAGTAGGCGGGGAAAATAATG,TTAAGTAGGCGGGGAAAATA,17908
ACGATCTTAAGTAGGCGAGGAAAATAATG,TTAAGTAGGCGAGGAAAATA,33626
ACGATCTTAAGTAAACGAGGAAAATAATG,TTAAGTAAACGAGGAAAATA,19594
ACGATCTTAAGTAAGCGGGGAAAATAATG,TTAAGTAAGCGGGGAAAATA,57706
ACGATCTTAAGTAGACGAGGAAAATAATG,TTAAGTAGACGAGGAAAATA,6653
ACGATCTTAAGTAGGCGAGGAAAATAATG,TTAAGTAGGCGAGGAAAATA,33626
ACGATCTTAAGTAAGCGCGGAAAATAATG,TTAAGTAAGCGCGGAAAATA,5313
ACGATCTTAAGTAGGCGCGGAAAATAATG,TTAAGTAGGCGCGGAAAATA,3096
ACGATCTTAAGTAGGCGCGGAAAATAATG,TTAAGTAGGCGCGGAAAATA,3096
AAACTAAGCATCTAAGGGGGATACTAATG,AGCATCTAAGGGGGATACTA,50418
AAACTAAGCATCTAAGGGGGATACTAATG,AGCATCTAAGGGGGATACTA,50418
AAACTAAGCATCTAAGAGGGGTACTAATG,AGCATCTAAGAGGGGTACTA,26786
AAACTAAGCATCTAAGGGGGGTACTAATG,AGCATCTAAGGGGGGTACTA,68922
AAACTAAGCATCTAAGGGGGATACTAATG,AGCATCTAAGGGGGATACTA,50418
AAACTAAGCATCTAAGGGGGGTACTAATG,AGCATCTAAGGGGGGTACTA,68922
AAACTAAGCATCTAAGGGGGATACTAATG,AGCATCTAAGGGGGATACTA,50418
AAACTAAGCATCTAAGGGGGCTACTAATG,AGCATCTAAGGGGGCTACTA,14299
AAACTAAGCATCTAAGAGGGATACTAATG,AGCATCTAAGAGGGATACTA,4855
AAACTAAGCATCTAAGGGGGGTACTAATG,AGCATCTAAGGGGGGTACTA,68922
AAACTAAGCATCTAAGGGGGGTACTAATG,AGCATCTAAGGGGGGTACTA,68922
AAACTAAGCATCTAAGAGGGGTACTAATG,AGCATCTAAGAGGGGTACTA,26786
AAACTAAGCATCTAAGAGGGATACTAATG,AGCATCTAAGAGGGATACTA,4855
AAACTAAGCATCTAAGGGGGGTACTAATG,AGCATCTAAGGGGGGTACTA,68922
AAACTAAGCATCTAAGAGGGATACTAATG,AGCATCTAAGAGGGATACTA,4855
AAACTAAGCATCTAAGAGGGGTACTAATG,AGCATCTAAGAGGGGTACTA,26786
AAACTAAGCATCTAAGGGGGATACTAATG,AGCATCTAAGGGGGATACTA,50418
AAACTAAGCATCTAAGAGGGGTACTAATG,AGCATCTAAGAGGGGTACTA,26786
AAACTAAGCATCTAAGAGGGATACTAATG,AGCATCTAAGAGGGATACTA,4855
AAACTAAGCATCTAAGAGCGATACTAATG,AGCATCTAAGAGCGATACTA,668
AAACTAAGCATCTAAGGGCGGTACTAATG,AGCATCTAAGGGCGGTACTA,7805
AAACTAAGCATCTAAGGGGGGTACTAATG,AGCATCTAAGGGGGGTACTA,68922
AAACTAAGCATCTAAGGGGGGTACTAATG,AGCATCTAAGGGGGGTACTA,68922
AAACTAAGCATCTAAGGGGGGTACTAATG,AGCATCTAAGGGGGGTACTA,68922
AAACTAAGCATCTAAGAGGGGTACTAATG,AGCATCTAAGAGGGGTACTA,26786
AAACTAAGCATCTAAGAGGGATACTAATG,AGCATCTAAGAGGGATACTA,4855
AAACTAAGCATCTAAGGGGGGTACTAATG,AGCATCTAAGGGGGGTACTA,68922
AAACTAAGCATCTAAGAGGGGTACTAATG,AGCATCTAAGAGGGGTACTA,26786
AAACTAAGCATCTAAGGGGGCTACTAATG,AGCATCTAAGGGGGCTACTA,14299
AAACTAAGCATCTAAGAGGGGTACTAATG,AGCATCTAAGAGGGGTACTA,26786
AAACTAAGCATCTAAGAGGGCTACTAATG,AGCATCTAAGAGGGCTACTA,4855
AAACTAAGCATCTAAGGGGGGTACTAATG,AGCATCTAAGGGGGGTACTA,68922
AAACTAAGCATCTAAGAGGGGTACTAATG,AGCATCTAAGAGGGGTACTA,26786
AAACTAAGCATCTAAGGGGGCTACTAATG,AGCATCTAAGGGGGCTACTA,14299
AAACTAAGCATCTAAGGGCGCTACTAATG,AGCATCTAAGGGCGCTACTA,1100
AAACTAAGCATCTAAGAGCGGTACTAATG,AGCATCTAAGAGCGGTACTA,2155
AAACTAAGCATCTAAGGGCGATACTAATG,AGCATCTAAGGGCGATACTA,1415
AAACTAAGCATCTAAGGGCGGTACTAATG,AGCATCTAAGGGCGGTACTA,7805
AAACTAAGCATCTAAGAGCGATACTAATG,AGCATCTAAGAGCGATACTA,668
AAACTAAGCATCTAAGAGCGGTACTAATG,AGCATCTAAGAGCGGTACTA,2155
AAACTAAGCATCTAAGGGCGGTACTAATG,AGCATCTAAGGGCGGTACTA,7805
AAACTAAGCATCTAAGAGCGCTACTAATG,AGCATCTAAGAGCGCTACTA,191
AAACTAAGCATCTAAGAGCGCTACTAATG,AGCATCTAAGAGCGCTACTA,191
AAACTAAGCATCTAAGAGCGCTACTAATG,AGCATCTAAGAGCGCTACTA,191
AAACTAAGCATCTAAGGGCGCTACTAATG,AGCATCTAAGGGCGCTACTA,1100
AAACTAAGCATCTAAGGGCGGTACTAATG,AGCATCTAAGGGCGGTACTA,1100
AAACTAAGCATCTAAGAGCGCTACTAATG,AGCATCTAAGAGCGCTACTA,191
AAACTAAGCATCTAAGAGCGGTACTAATG,AGCATCTAAGAGCGGTACTA,2155
AAACTAAGCATCTAAGAGCGCTACTAATG,AGCATCTAAGAGCGCTACTA,191
AAACTAAGCATCTAAGAGCGCTACTAATG,AGCATCTAAGAGCGCTACTA,191
AAACTAAGCATCTAAGAGCGGTACTAATG,AGCATCTAAGAGCGGTACTA,2155
AAACTAAGCATCTAAGGGCGGTACTAATG,AGCATCTAAGGGCGGTACTA,1100
AAACTAAGCATCTAAGAGCGCTACTAATG,AGCATCTAAGAGCGCTACTA,191
AAACTAAGCATCTAAGAGCGATACTAATG,AGCATCTAAGAGCGATACTA,668
AAACTAAGCATCTAAGAGCGCTACTAATG,AGCATCTAAGAGCGCTACTA,191
AAACTAAGCATCTAAGGGCGGTACTAATG,AGCATCTAAGGGCGGTACTA,1100
AAACTAAGCATCTAAGAGCGCTACTAATG,AGCATCTAAGAGCGCTACTA,191
AAACTAAGCATCTAAGGGCGCTACTAATG,AGCATCTAAGGGCGCTACTA,1100
AAACTAAGCATCTAAGAGGGCTACTAATG,AGCATCTAAGAGGGCTACTA,1317
AAACTAAGCATCTAAGAGCGATACTAATG,AGCATCTAAGAGCGATACTA,668
AGATCTTTTAAGGAAGGAACGTACATATG,TTTAAGGAAGGAACGTACAT,20496
AGATCTTTTAAGGACGTAACGTACATATG,TTTAAGGACGTAACGTACAT,79074
AGATCTTTTAAGGAAGGAACGTACATATG,TTTAAGGAAGGAACGTACAT,4855
AGATCTTTTAAGGAAGAAACGTACATATG,TTTAAGGAAGAAACGTACAT,52738
AGATCTTTTAAGGAAGAAACGTACATATG,TTTAAGGAAGAAACGTACAT,52738
AGATCTTTTAAGGAAGAAACGTACATATG,TTTAAGGAAGAAACGTACAT,8914
AGATCTTTTAAGGAGGAAACGTACATATG,TTTAAGGAGGAAACGTACAT,4855
AGATCTTTTAAGGAAGGAACGTACATATG,TTTAAGGAAGGAACGTACAT,1203
AGATCTTTTAAGGACGTAACGTACATATG,TTTAAGGACGTAACGTACAT,20496
AGATCTTTTAAGGAAGTAACGTACATATG,TTTAAGGAAGTAACGTACAT,35174
AGATCTTTTAAGGAAGGAACGTACATATG,TTTAAGGAAGGAACGTACAT,52738
AGATCTTTTAAGGAAGAAACGTACATATG,TTTAAGGAAGAAACGTACAT,8914
AGATCTTTTAAGGACGTAACGTACATATG,TTTAAGGACGTAACGTACAT,4855
AGATCTTTTAAGGAAGAAACGTACATATG,TTTAAGGAAGAAACGTACAT,52738
AGATCTTTTAAGGAAGGAACGTACATATG,TTTAAGGAAGGAACGTACAT,1203
AGATCTTTTAAGGACGTAACGTACATATG,TTTAAGGACGTAACGTACAT,1203
AGATCTTTTAAGGAAGGAACGTACATATG,TTTAAGGAAGGAACGTACAT,20496
AGATCTTTTAAGGACGGAACGTACATATG,TTTAAGGACGGAACGTACAT,52738
AGATCTTTTAAGGACGTAACGTACATATG,TTTAAGGACGTAACGTACAT,4855
AGATCTTTTAAGGACGGAACGTACATATG,TTTAAGGACGGAACGTACAT,13670
AGATCTTTTAAGGACGTAACGTACATATG,TTTAAGGACGTAACGTACAT,5813
AGATCTTTTAAGGAAGAAACGTACATATG,TTTAAGGAAGAAACGTACAT,5813
AGATCTTTTAAGGAAGAAACGTACATATG,TTTAAGGAAGAAACGTACAT,52738
AGATCTTTTAAGGACGGAACGTACATATG,TTTAAGGACGGAACGTACAT,8914
AGATCTTTTAAGGACGAAACGTACATATG,TTTAAGGACGAAACGTACAT,4855
AGATCTTTTAAGGACGGAACGTACATATG,TTTAAGGACGGAACGTACAT,52738
AGATCTTTTAAGGAAGAAACGTACATATG,TTTAAGGAAGAAACGTACAT,1203
AGATCTTTTAAGGACGAAACGTACATATG,TTTAAGGACGAAACGTACAT,13670
AGATCTTTTAAGGACGTAACGTACATATG,TTTAAGGACGTAACGTACAT,79074
AGATCTTTTAAGGAAGGAACGTACATATG,TTTAAGGAAGGAACGTACAT,3877
AGATCTTTTAAGGAGGGAACGTACATATG,TTTAAGGAGGGAACGTACAT,3877
AGATCTTTTAAGGACGAAACGTACATATG,TTTAAGGACGAAACGTACAT,5813
AGATCTTTTAAGGAGGTAACGTACATATG,TTTAAGGAGGTAACGTACAT,4855
AGATCTTTTAAGGAAGTAACGTACATATG,TTTAAGGAAGTAACGTACAT,3877
AGATCTTTTAAGGAGGAAACGTACATATG,TTTAAGGAGGAAACGTACAT,8914
AGATCTTTTAAGGAAGAAACGTACATATG,TTTAAGGAAGAAACGTACAT,79074
AGATCTTTTAAGGACGGAACGTACATATG,TTTAAGGACGGAACGTACAT,35174
AGATCTTTTAAGGAAGGAACGTACATATG,TTTAAGGAAGGAACGTACAT,5813
AGATCTTTTAAGGAAGAAACGTACATATG,TTTAAGGAAGAAACGTACAT,4855
GCGACAAAAGATGAGGAGTGCAAAAAATG,AAAGATGAGGAGTGCAAAAA,24672
GCGACAAAAGATGAGGAGTACAAAAAATG,AAAGATGAGGAGTACAAAAA,36992
GCGACAAAAGATGAGGAGTGCAAAAAATG,AAAGATGAGGAGTGCAAAAA,24672
GCGACAAAAGATGAGGAGTGCAAAAAATG,AAAGATGAGGAGTGCAAAAA,24672
GCGACAAAAGATGAGGAGTGCAAAAAATG,AAAGATGAGGAGTGCAAAAA,24672
GCGACAAAAGATGAGGAGTGCAAAAAATG,AAAGATGAGGAGTGCAAAAA,24672
GCGACAAAAGATGAGGAGTGCAAAAAATG,AAAGATGAGGAGTGCAAAAA,24672
GCGACAAAAGATGAGGAGTGCAAAAAATG,AAAGATGAGGAGTGCAAAAA,24672
GCGACAAAATATGAGGAGTACAAAAAATG,AAATATGAGGAGTACAAAAA,86990
GCGACAAAATATGAGGAGTGCAAAAAATG,AAATATGAGGAGTGCAAAAA,53024
GCGACAAAAGATGAGGAGTGCAAAAAATG,AAAGATGAGGAGTGCAAAAA,24672
GCGACAAAAGATGAGGAGTACAAAAAATG,AAAGATGAGGAGTACAAAAA,36992
GCGACAAAATATGAGGAGTACAAAAAATG,AAATATGAGGAGTACAAAAA,86990
GCGACAAAAGATGAGGAGTGCAAAAAATG,AAAGATGAGGAGTGCAAAAA,24672
GCGACAAAATATGAGGAGTGCAAAAAATG,AAATATGAGGAGTGCAAAAA,53024
GCGACAAAATATGAGGAGTACAAAAAATG,AAATATGAGGAGTACAAAAA,86990
GCGACAAAAGATGAGGCGTACAAAAAATG,AAAGATGAGGCGTACAAAAA,4667
GCGACAAAAGATGAGGAGTACAAAAAATG,AAAGATGAGGAGTACAAAAA,36992
GCGACAAAATATGAGGAGTGCAAAAAATG,AAATATGAGGAGTGCAAAAA,53024
GCGACAAAATATGAGGAGTGCAAAAAATG,AAATATGAGGAGTGCAAAAA,53024
GCGACAAAATATGAGGAGTGCAAAAAATG,AAATATGAGGAGTGCAAAAA,53024
GCGACAAAATATGAGGAGTGCAAAAAATG,AAATATGAGGAGTGCAAAAA,53024
GCGACAAAAGATGAGGCGTGCAAAAAATG,AAAGATGAGGCGTGCAAAAA,1156
GCGACAAAATATGAGGAGTGCAAAAAATG,AAATATGAGGAGTGCAAAAA,53024
GCGACAAAAGATGAGGAGTACAAAAAATG,AAAGATGAGGAGTACAAAAA,36992
GCGACAAAAGATGAGGCGTACAAAAAATG,AAAGATGAGGCGTACAAAAA,4667
GCGACAAAAGATGAGGAGTGCAAAAAATG,AAAGATGAGGAGTGCAAAAA,24672
GCGACAAAATATGAGGAGTGCAAAAAATG,AAATATGAGGAGTGCAAAAA,53024
GCGACAAAAGATGAGGAGTACAAAAAATG,AAAGATGAGGAGTACAAAAA,36992
GCGACAAAAGATGAGGAGTGCAAAAAATG,AAAGATGAGGAGTGCAAAAA,24672
GCGACAAAATATGAGGCGTACAAAAAATG,AAATATGAGGCGTACAAAAA,10730
GCGACAAAATATGAGGAGTACAAAAAATG,AAATATGAGGAGTACAAAAA,86990
GCGACAAAAGATGAGGCGTGCAAAAAATG,AAAGATGAGGCGTGCAAAAA,1156
GCGACAAAATATGAGGCGTACAAAAAATG,AAATATGAGGCGTACAAAAA,10730
GCGACAAAAGATGAGGAGTACAAAAAATG,AAAGATGAGGAGTACAAAAA,36992
GCGACAAAATATGAGGCGTGCAAAAAATG,AAATATGAGGCGTGCAAAAA,2376
GCGACAAAATATGAGGCGTGCAAAAAATG,AAATATGAGGCGTGCAAAAA,2376
GCGACAAAAGATGAGGAGTGCAAAAAATG,AAAGATGAGGAGTGCAAAAA,24672
GCGACAAAAGATGAGGAGTGCAAAAAATG,AAAGATGAGGAGTGCAAAAA,24672
CCATTTAACACGAGAGGAGGCATACGATG,AACACGAGAGGAGGCATACG,8134
CCATTTAACACGCGAGGAGGAATACGATG,AACACGCGAGGAGGAATACG,2552
CCATTTAACACGTGACGAGGAATACGATG,AACACGTGACGAGGAATACG,8134
CCATTTAACACGAGAGGAGGAATACGATG,AACACGAGAGGAGGAATACG,2037
CCATTTAACACGAGAGGAGGAATACGATG,AACACGAGAGGAGGAATACG,2037
CCATTTAACACGAGACGAGGAATACGATG,AACACGAGACGAGGAATACG,2037
CCATTTAACACGTGACGAGGAATACGATG,AACACGTGACGAGGAATACG,33181
CCATTTAACACGCGACGAGGCATACGATG,AACACGCGACGAGGCATACG,8134
CCATTTAACACGAGAGGAGGCATACGATG,AACACGAGAGGAGGCATACG,2552
CCATTTAACACGTGAGGAGGAATACGATG,AACACGTGAGGAGGAATACG,5736
CCATTTAACACGAGAGGAGGAATACGATG,AACACGAGAGGAGGAATACG,8134
CCATTTAACACGAGACGAGGAATACGATG,AACACGAGACGAGGAATACG,2037
CCATTTAACACGTGACGAGGAATACGATG,AACACGTGACGAGGAATACG,2552
CCATTTAACACGAGAGGAGGAATACGATG,AACACGAGAGGAGGAATACG,2037
CCATTTAACACGCGACGAGGCATACGATG,AACACGCGACGAGGCATACG,8134
CCATTTAACACGCGACGAGGCATACGATG,AACACGCGACGAGGCATACG,2552
CCATTTAACACGAGAGGAGGCATACGATG,AACACGAGAGGAGGCATACG,8134
CCATTTAACACGAGAGGAGGAATACGATG,AACACGAGAGGAGGAATACG,11659
CCATTTAACACGTGACGAGGAATACGATG,AACACGTGACGAGGAATACG,2552
CCATTTAACACGTGAGGAGGCATACGATG,AACACGTGAGGAGGCATACG,11659
CCATTTAACACGTGACGAGGCATACGATG,AACACGTGACGAGGCATACG,2552
CCATTTAACACGTGACGAGGCATACGATG,AACACGTGACGAGGCATACG,2037
CCATTTAACACGAGAGGAGGAATACGATG,AACACGAGAGGAGGAATACG,2037
CCATTTAACACGAGACGAGGAATACGATG,AACACGAGACGAGGAATACG,11659
CCATTTAACACGTGACGAGGAATACGATG,AACACGTGACGAGGAATACG,3496
CCATTTAACACGAGAGGAGGAATACGATG,AACACGAGAGGAGGAATACG,11659
CCATTTAACACGCGACGAGGCATACGATG,AACACGCGACGAGGCATACG,2037
CCATTTAACACGTGAGGAGGCATACGATG,AACACGTGAGGAGGCATACG,3496
CCATTTAACACGCGAGGAGGAATACGATG,AACACGCGAGGAGGAATACG,2552
CCATTTAACACGAGACGAGGCATACGATG,AACACGAGACGAGGCATACG,8134
CCATTTAACACGAGACGAGGCATACGATG,AACACGAGACGAGGCATACG,41554
CCATTTAACACGTGACGAGGCATACGATG,AACACGTGACGAGGCATACG,3496
CCATTTAACACGTGACGAGGAATACGATG,AACACGTGACGAGGAATACG,74594
CCATTTAACACGAGACGAGGCATACGATG,AACACGAGACGAGGCATACG,5736
CCATTTAACACGAGACGAGGAATACGATG,AACACGAGACGAGGAATACG,33181
CCATTTAACACGCGAGGAGGAATACGATG,AACACGCGAGGAGGAATACG,2037
CCATTTAACACGTGAGGAGGAATACGATG,AACACGTGAGGAGGAATACG,11659
CCATTTAACACGTGACGAGGCATACGATG,AACACGTGACGAGGCATACG,8134
CCATTTAACACGTGACGAGGAATACGATG,AACACGTGACGAGGAATACG,2037
CGAGACGCCAAATTGGGAGGTGGGCGATG,GCCAAATTGGGAGGTGGGCG,12708
CGAGACGCCAAATTGGGAGGTGGGCGATG,GCCAAATTGGGAGGTGGGCG,12709
CGAGACGCCAAATTGGGAGGAGGGCGATG,GCCAAATTGGGAGGAGGGCG,21807
CGAGACGCCAAATTGGGAGGAGGGCGATG,GCCAAATTGGGAGGAGGGCG,21809
CGAGACGCCAAATTGGGAGGAGGGCGATG,GCCAAATTGGGAGGAGGGCG,21810
CGAGACGCCAAATAGGGAGGAGGGCGATG,GCCAAATAGGGAGGAGGGCG,61387
CGAGACGCCAAATTGGGAGGAGGGCGATG,GCCAAATTGGGAGGAGGGCG,21804
CGAGACGCCAAATTGGGAGGTGGGCGATG,GCCAAATTGGGAGGTGGGCG,12705
CGAGACGCCAAATTGGGAGGAGGGCGATG,GCCAAATTGGGAGGAGGGCG,21805
CGAGACGCCAAATTGGGAGGTGGGCGATG,GCCAAATTGGGAGGTGGGCG,12706
CGAGACGCCAAATAGGGAGGAGGGCGATG,GCCAAATAGGGAGGAGGGCG,61387
CGAGACGCCAAATAGGGAGGAGGGCGATG,GCCAAATAGGGAGGAGGGCG,61387
CGAGACGCCAAATTGGGAGGAGGGCGATG,GCCAAATTGGGAGGAGGGCG,21808
CGAGACGCCAAATAGGGAGGAGGGCGATG,GCCAAATAGGGAGGAGGGCG,61387
CGAGACGCCAAATTGGGAGGAGGGCGATG,GCCAAATTGGGAGGAGGGCG,21811
CGAGACGCCAAATTGGGAGGTGGGCGATG,GCCAAATTGGGAGGTGGGCG,12707
CGAGACGCCAAATAGGGAGGTGGGCGATG,GCCAAATAGGGAGGTGGGCG,29878
CGAGACGCCAAATAGGGAGGAGGGCGATG,GCCAAATAGGGAGGAGGGCG,61387
CGAGACGCCAAATTGGGAGGAGGGCGATG,GCCAAATTGGGAGGAGGGCG,21806
CGAGACGCCAAATAGGGAGGAGGGCGATG,GCCAAATAGGGAGGAGGGCG,61387
CGAGACGCCAAATAGGGAGGAGGGCGATG,GCCAAATAGGGAGGAGGGCG,61388
CGAGACGCCAAATTGGGAGGCGGGCGATG,GCCAAATTGGGAGGCGGGCG,2514
CGAGACGCCAAATAGGGAGGAGGGCGATG,GCCAAATAGGGAGGAGGGCG,61388
CGAGACGCCAAATAGGGAGGTGGGCGATG,GCCAAATAGGGAGGTGGGCG,29878
CGAGACGCCAAATAGGGAGGTGGGCGATG,GCCAAATAGGGAGGTGGGCG,29878
CGAGACGCCAAATAGGGAGGAGGGCGATG,GCCAAATAGGGAGGAGGGCG,61388
CGAGACGCCAAATTGGGAGGTGGGCGATG,GCCAAATTGGGAGGTGGGCG,12708
CGAGACGCCAAATTGGGAGGTGGGCGATG,GCCAAATTGGGAGGTGGGCG,12708
CGAGACGCCAAATAGGGAGGCGGGCGATG,GCCAAATAGGGAGGCGGGCG,5912
CGAGACGCCAAATTGGGAGGCGGGCGATG,GCCAAATTGGGAGGCGGGCG,2514
CGAGACGCCAAATAGGGAGGTGGGCGATG,GCCAAATAGGGAGGTGGGCG,29878
CGAGACGCCAAATTGGGAGGTGGGCGATG,GCCAAATTGGGAGGTGGGCG,12708
CGAGACGCCAAATTGGGAGGCGGGCGATG,GCCAAATTGGGAGGCGGGCG,2514
CGAGACGCCAAATTGGGAGGAGGGCGATG,GCCAAATTGGGAGGAGGGCG,21809
CGAGACGCCAAATAGGGAGGCGGGCGATG,GCCAAATAGGGAGGCGGGCG,5912
CGAGACGCCAAATAGGGAGGCGGGCGATG,GCCAAATAGGGAGGCGGGCG,5912
CGAGACGCCAAATTGGGAGGTGGGCGATG,GCCAAATTGGGAGGTGGGCG,12708
CGAGACGCCAAATTGGGAGGAGGGCGATG,GCCAAATTGGGAGGAGGGCG,21809
CGAGACGCCAAATTGGGAGGCGGGCGATG,GCCAAATTGGGAGGCGGGCG,2514