RBS_n,RBS_m,Label,,,,,,,,,,,
TAACCATGCATAACGGAGTCGACTT,TCTTAATCATGCGGAGGAGGGTTTC,1.548620034,,,,,,,,,,,
TAACCATGCATAACGGAGTCGACTT,TCTTAATCATGAAGAGGATGGTTTC,1.292666823,,,,,,,,,,,
TAACCATGCATAACGGAGTCGACTT,TCTTAATCATGTCGAGCGAGGTTTC,1.165225201,,,,,,,,,,,
TAACCATGCATAACGGAGTCGACTT,TCTTAATCATGCTAAGAAGGGTTTC,1.501789131,,,,,,,,,,,
TAACCATGCATATAGGAGGAGACTT,TCTTAATCATGCGGAGGAGGGTTTC,9.529974336,,,,,,,,,,,
TAACCATGCATATAGGAGGAGACTT,TCTTAATCATGAAGAGGATGGTTTC,22.12516044,,,,,,,,,,,
TAACCATGCATATAGGAGGAGACTT,TCTTAATCATGTCGAGCGAGGTTTC,6.756448851,,,,,,,,,,,
TAACCATGCATATAGGAGGAGACTT,TCTTAATCATGCTAAGAAGGGTTTC,4.63144731,,,,,,,,,,,
TAACCATGCATAAAGGAGTCGACTT,TCTTAATCATGCGGAGGAGGGTTTC,1.131357602,,,,,,,,,,,
TAACCATGCATAAAGGAGTCGACTT,TCTTAATCATGAAGAGGATGGTTTC,1.169614942,,,,,,,,,,,
TAACCATGCATAAAGGAGTCGACTT,TCTTAATCATGTCGAGCGAGGTTTC,1.062294559,,,,,,,,,,,
TAACCATGCATAAAGGAGTCGACTT,TCTTAATCATGCTAAGAAGGGTTTC,1.132126957,,,,,,,,,,,
TAACCATGCATAGAGGAGCTGACTT,TCTTAATCATGCGGAGGAGGGTTTC,1.211668537,,,,,,,,,,,
TAACCATGCATAGAGGAGCTGACTT,TCTTAATCATGAAGAGGATGGTTTC,1.136611472,,,,,,,,,,,
TAACCATGCATAGAGGAGCTGACTT,TCTTAATCATGTCGAGCGAGGTTTC,1.108958402,,,,,,,,,,,
TAACCATGCATAGAGGAGCTGACTT,TCTTAATCATGCTAAGAAGGGTTTC,1.087730644,,,,,,,,,,,
TAACCATGCATAACGGAGTCGACTT,TCTTAATCATGAGAAGAGTGGTTTC,1.172183437,,,,,,,,,,,
TAACCATGCATAACGGAGTCGACTT,TCTTAATCATGCAGAGGACGGTTTC,1.237429698,,,,,,,,,,,
TAACCATGCATAACGGAGTCGACTT,TCTTAATCATGTTGAGAGGGGTTTC,1.381047939,,,,,,,,,,,
TAACCATGCATAACGGAGTCGACTT,TCTTAATCATGTGAAGGCAGGTTTC,1.298003521,,,,,,,,,,,
TAACCATGCATAACGGAGTCGACTT,TCTTAATCATGCAAAGAGAGGTTTC,1.272824791,,,,,,,,,,,
TAACCATGCATAACGGAGTCGACTT,TCTTAATCATGGAGAGGTGGGTTTC,1.097712719,,,,,,,,,,,
TAACCATGCATAACGGAGTCGACTT,TCTTAATCATGGGAAGGATGGTTTC,1.628034535,,,,,,,,,,,
TAACCATGCATAACGGAGTCGACTT,TCTTAATCATGTAGAGGAAGGTTTC,1.065339942,,,,,,,,,,,
TAACCATGCATAACGGAGTCGACTT,TCTTAATCATGAGTAGGAGGGTTTC,1.820314293,,,,,,,,,,,
TAACCATGCATAACGGAGTCGACTT,TCTTAATCATGATGAGTGGGGTTTC,1.0631345,,,,,,,,,,,
TAACCATGCATAACGGAGTCGACTT,TCTTAATCATGCGAAGAATGGTTTC,1.188311122,,,,,,,,,,,
TAACCATGCATAACGGAGTCGACTT,TCTTAATCATGCTGAGAGCGGTTTC,1.070142121,,,,,,,,,,,
TAACCATGCATAACGGAGTCGACTT,TCTTAATCATGCTAAGAGAGGTTTC,1.078554445,,,,,,,,,,,
TAACCATGCATAACGGAGTCGACTT,TCTTAATCATGTGGAGGTAGGTTTC,1.838587831,,,,,,,,,,,
TAACCATGCATAACGGAGTCGACTT,TCTTAATCATGAAGAGTGAGGTTTC,1.076163826,,,,,,,,,,,
TAACCATGCATAACGGAGTCGACTT,TCTTAATCATGATAAGGCGGGTTTC,1.180989003,,,,,,,,,,,
TAACCATGCATATAGGAGGAGACTT,TCTTAATCATGAGAAGAGTGGTTTC,42.80464317,,,,,,,,,,,
TAACCATGCATATAGGAGGAGACTT,TCTTAATCATGCAGAGGACGGTTTC,32.21533533,,,,,,,,,,,
TAACCATGCATATAGGAGGAGACTT,TCTTAATCATGTTGAGAGGGGTTTC,8.798297398,,,,,,,,,,,
TAACCATGCATATAGGAGGAGACTT,TCTTAATCATGTGAAGGCAGGTTTC,3.87902559,,,,,,,,,,,
TAACCATGCATATAGGAGGAGACTT,TCTTAATCATGCAAAGAGAGGTTTC,10.8097578,,,,,,,,,,,
TAACCATGCATATAGGAGGAGACTT,TCTTAATCATGGAGAGGTGGGTTTC,3.23076706,,,,,,,,,,,
TAACCATGCATATAGGAGGAGACTT,TCTTAATCATGGGAAGGATGGTTTC,6.74502766,,,,,,,,,,,
TAACCATGCATATAGGAGGAGACTT,TCTTAATCATGTAGAGGAAGGTTTC,29.21131398,,,,,,,,,,,
TAACCATGCATATAGGAGGAGACTT,TCTTAATCATGAGTAGGAGGGTTTC,15.92651035,,,,,,,,,,,
TAACCATGCATATAGGAGGAGACTT,TCTTAATCATGATGAGTGGGGTTTC,38.05306303,,,,,,,,,,,
TAACCATGCATATAGGAGGAGACTT,TCTTAATCATGCGAAGAATGGTTTC,3.44214016,,,,,,,,,,,
TAACCATGCATATAGGAGGAGACTT,TCTTAATCATGCTGAGAGCGGTTTC,3.531961925,,,,,,,,,,,
TAACCATGCATATAGGAGGAGACTT,TCTTAATCATGCTAAGAGAGGTTTC,18.24878037,,,,,,,,,,,
TAACCATGCATATAGGAGGAGACTT,TCTTAATCATGTGGAGGTAGGTTTC,42.7023013,,,,,,,,,,,
TAACCATGCATATAGGAGGAGACTT,TCTTAATCATGAAGAGTGAGGTTTC,20.90027289,,,,,,,,,,,
TAACCATGCATATAGGAGGAGACTT,TCTTAATCATGATAAGGCGGGTTTC,9.733199623,,,,,,,,,,,
TAACCATGCATAAAGGAGTCGACTT,TCTTAATCATGAGAAGAGTGGTTTC,2.882972034,,,,,,,,,,,
TAACCATGCATAAAGGAGTCGACTT,TCTTAATCATGCAGAGGACGGTTTC,5.915815923,,,,,,,,,,,
TAACCATGCATAAAGGAGTCGACTT,TCTTAATCATGTTGAGAGGGGTTTC,3.6557409,,,,,,,,,,,
TAACCATGCATAAAGGAGTCGACTT,TCTTAATCATGTGAAGGCAGGTTTC,2.9256337,,,,,,,,,,,
TAACCATGCATAAAGGAGTCGACTT,TCTTAATCATGCAAAGAGAGGTTTC,22.73920845,,,,,,,,,,,
TAACCATGCATAAAGGAGTCGACTT,TCTTAATCATGGAGAGGTGGGTTTC,46.40910372,,,,,,,,,,,
TAACCATGCATAAAGGAGTCGACTT,TCTTAATCATGGGAAGGATGGTTTC,9.776614656,,,,,,,,,,,
TAACCATGCATAAAGGAGTCGACTT,TCTTAATCATGTAGAGGAAGGTTTC,4.11578754,,,,,,,,,,,
TAACCATGCATAAAGGAGTCGACTT,TCTTAATCATGAGTAGGAGGGTTTC,18.02952557,,,,,,,,,,,
TAACCATGCATAAAGGAGTCGACTT,TCTTAATCATGATGAGTGGGGTTTC,35.52182644,,,,,,,,,,,
TAACCATGCATAAAGGAGTCGACTT,TCTTAATCATGCGAAGAATGGTTTC,6.642815635,,,,,,,,,,,
TAACCATGCATAAAGGAGTCGACTT,TCTTAATCATGCTGAGAGCGGTTTC,11.72408635,,,,,,,,,,,
TAACCATGCATAAAGGAGTCGACTT,TCTTAATCATGCTAAGAGAGGTTTC,2.809390362,,,,,,,,,,,
TAACCATGCATAAAGGAGTCGACTT,TCTTAATCATGTGGAGGTAGGTTTC,34.59536095,,,,,,,,,,,
TAACCATGCATAAAGGAGTCGACTT,TCTTAATCATGAAGAGTGAGGTTTC,6.780681576,,,,,,,,,,,
TAACCATGCATAAAGGAGTCGACTT,TCTTAATCATGATAAGGCGGGTTTC,3.124693911,,,,,,,,,,,
TAACCATGCATAGAGGAGCTGACTT,TCTTAATCATGAGAAGAGTGGTTTC,24.1586786,,,,,,,,,,,
TAACCATGCATAGAGGAGCTGACTT,TCTTAATCATGCAGAGGACGGTTTC,0.879516719,,,,,,,,,,,
TAACCATGCATAGAGGAGCTGACTT,TCTTAATCATGTTGAGAGGGGTTTC,6.608324472,,,,,,,,,,,
TAACCATGCATAGAGGAGCTGACTT,TCTTAATCATGTGAAGGCAGGTTTC,2.505926812,,,,,,,,,,,
TAACCATGCATAGAGGAGCTGACTT,TCTTAATCATGCAAAGAGAGGTTTC,8.774734105,,,,,,,,,,,
TAACCATGCATAGAGGAGCTGACTT,TCTTAATCATGGAGAGGTGGGTTTC,41.91386418,,,,,,,,,,,
TAACCATGCATAGAGGAGCTGACTT,TCTTAATCATGGGAAGGATGGTTTC,19.32161047,,,,,,,,,,,
TAACCATGCATAGAGGAGCTGACTT,TCTTAATCATGTAGAGGAAGGTTTC,7.961179417,,,,,,,,,,,
TAACCATGCATAGAGGAGCTGACTT,TCTTAATCATGAGTAGGAGGGTTTC,8.274172545,,,,,,,,,,,
TAACCATGCATAGAGGAGCTGACTT,TCTTAATCATGATGAGTGGGGTTTC,21.60437376,,,,,,,,,,,
TAACCATGCATAGAGGAGCTGACTT,TCTTAATCATGCGAAGAATGGTTTC,36.81710974,,,,,,,,,,,
TAACCATGCATAGAGGAGCTGACTT,TCTTAATCATGCTGAGAGCGGTTTC,3.026944968,,,,,,,,,,,
TAACCATGCATAGAGGAGCTGACTT,TCTTAATCATGCTAAGAGAGGTTTC,10.32955509,,,,,,,,,,,
TAACCATGCATAGAGGAGCTGACTT,TCTTAATCATGTGGAGGTAGGTTTC,22.75582448,,,,,,,,,,,
TAACCATGCATAGAGGAGCTGACTT,TCTTAATCATGAAGAGTGAGGTTTC,7.603328405,,,,,,,,,,,
TAACCATGCATAGAGGAGCTGACTT,TCTTAATCATGATAAGGCGGGTTTC,8.589960731,,,,,,,,,,,
TAACCATGCATAAAGGAGAAGACTT,TCTTAATCATGCGGAGGAGGGTTTC,17.86097952,,,,,,,,,,,
TAACCATGCATAAAGGAGAAGACTT,TCTTAATCATGAAGAGGATGGTTTC,51.07675845,,,,,,,,,,,
TAACCATGCATAAAGGAGAAGACTT,TCTTAATCATGTCGAGCGAGGTTTC,38.5231561,,,,,,,,,,,
TAACCATGCATAAAGGAGAAGACTT,TCTTAATCATGCTAAGAAGGGTTTC,5.132970532,,,,,,,,,,,
TAACCATGCATAAAGGAGAAGACTT,TCTTAATCATGAGAAGAGTGGTTTC,3.324100141,,,,,,,,,,,
TAACCATGCATAAAGGAGAAGACTT,TCTTAATCATGCAGAGGACGGTTTC,33.3689216,,,,,,,,,,,
TAACCATGCATAAAGGAGAAGACTT,TCTTAATCATGTTGAGAGGGGTTTC,25.66489252,,,,,,,,,,,
TAACCATGCATAAAGGAGAAGACTT,TCTTAATCATGTGAAGGCAGGTTTC,3.840697765,,,,,,,,,,,
TAACCATGCATAAAGGAGAAGACTT,TCTTAATCATGCAAAGAGAGGTTTC,1.525933939,,,,,,,,,,,
TAACCATGCATAAAGGAGAAGACTT,TCTTAATCATGGAGAGGTGGGTTTC,1.019074988,,,,,,,,,,,
TAACCATGCATAAAGGAGAAGACTT,TCTTAATCATGGGAAGGATGGTTTC,1.360172628,,,,,,,,,,,
TAACCATGCATAAAGGAGAAGACTT,TCTTAATCATGTAGAGGAAGGTTTC,1.954775943,,,,,,,,,,,
TAACCATGCATAAAGGAGAAGACTT,TCTTAATCATGAGTAGGAGGGTTTC,1.415874058,,,,,,,,,,,
TAACCATGCATAAAGGAGAAGACTT,TCTTAATCATGATGAGTGGGGTTTC,1.120154979,,,,,,,,,,,
TAACCATGCATAAAGGAGAAGACTT,TCTTAATCATGCGAAGAATGGTTTC,1.149357393,,,,,,,,,,,
TAACCATGCATAAAGGAGAAGACTT,TCTTAATCATGCTGAGAGCGGTTTC,4.57854631,,,,,,,,,,,
TAACCATGCATAAAGGAGAAGACTT,TCTTAATCATGCTAAGAGAGGTTTC,1.583792945,,,,,,,,,,,
TAACCATGCATAAAGGAGAAGACTT,TCTTAATCATGTGGAGGTAGGTTTC,2.422590065,,,,,,,,,,,
TAACCATGCATAAAGGAGAAGACTT,TCTTAATCATGAAGAGTGAGGTTTC,1.039227578,,,,,,,,,,,
TAACCATGCATAAAGGAGAAGACTT,TCTTAATCATGATAAGGCGGGTTTC,1.123918718,,,,,,,,,,,
TAACCATGCATAAAGGAGGAGACTT,TCTTAATCATGCGGAGGAGGGTTTC,8.779726452,,,,,,,,,,,
TAACCATGCATAAAGGAGGAGACTT,TCTTAATCATGAAGAGGATGGTTTC,0.811501717,,,,,,,,,,,
TAACCATGCATAAAGGAGGAGACTT,TCTTAATCATGTCGAGCGAGGTTTC,9.603640589,,,,,,,,,,,
TAACCATGCATAAAGGAGGAGACTT,TCTTAATCATGCTAAGAAGGGTTTC,20.12520097,,,,,,,,,,,
TAACCATGCATAAAGGAGGAGACTT,TCTTAATCATGAGAAGAGTGGTTTC,3.082603076,,,,,,,,,,,
TAACCATGCATAAAGGAGGAGACTT,TCTTAATCATGCAGAGGACGGTTTC,27.39784548,,,,,,,,,,,
TAACCATGCATAAAGGAGGAGACTT,TCTTAATCATGTTGAGAGGGGTTTC,8.450675259,,,,,,,,,,,
TAACCATGCATAAAGGAGGAGACTT,TCTTAATCATGTGAAGGCAGGTTTC,36.96021426,,,,,,,,,,,
TAACCATGCATAAAGGAGGAGACTT,TCTTAATCATGCAAAGAGAGGTTTC,9.976130516,,,,,,,,,,,
TAACCATGCATAAAGGAGGAGACTT,TCTTAATCATGGAGAGGTGGGTTTC,2.786408258,,,,,,,,,,,
TAACCATGCATAAAGGAGGAGACTT,TCTTAATCATGGGAAGGATGGTTTC,4.579753761,,,,,,,,,,,
TAACCATGCATAAAGGAGGAGACTT,TCTTAATCATGTAGAGGAAGGTTTC,5.42073513,,,,,,,,,,,
TAACCATGCATAAAGGAGGAGACTT,TCTTAATCATGAGTAGGAGGGTTTC,14.91560831,,,,,,,,,,,
TAACCATGCATAAAGGAGGAGACTT,TCTTAATCATGATGAGTGGGGTTTC,4.255441342,,,,,,,,,,,
TAACCATGCATAAAGGAGGAGACTT,TCTTAATCATGCGAAGAATGGTTTC,2.90071367,,,,,,,,,,,
TAACCATGCATAAAGGAGGAGACTT,TCTTAATCATGCTGAGAGCGGTTTC,12.8757189,,,,,,,,,,,
TAACCATGCATAAAGGAGGAGACTT,TCTTAATCATGCTAAGAGAGGTTTC,12.16808819,,,,,,,,,,,
TAACCATGCATAAAGGAGGAGACTT,TCTTAATCATGTGGAGGTAGGTTTC,29.27898894,,,,,,,,,,,
TAACCATGCATAAAGGAGGAGACTT,TCTTAATCATGAAGAGTGAGGTTTC,31.34727521,,,,,,,,,,,
TAACCATGCATAAAGGAGGAGACTT,TCTTAATCATGATAAGGCGGGTTTC,34.94787566,,,,,,,,,,,
TAACCATGCATAATGGAGGAGACTT,TCTTAATCATGCGGAGGAGGGTTTC,30.45650021,,,,,,,,,,,
TAACCATGCATAATGGAGGAGACTT,TCTTAATCATGAAGAGGATGGTTTC,5.344558836,,,,,,,,,,,
TAACCATGCATAATGGAGGAGACTT,TCTTAATCATGTCGAGCGAGGTTTC,61.51965073,,,,,,,,,,,
TAACCATGCATAATGGAGGAGACTT,TCTTAATCATGCTAAGAAGGGTTTC,31.00929004,,,,,,,,,,,
TAACCATGCATAATGGAGGAGACTT,TCTTAATCATGAGAAGAGTGGTTTC,8.841374844,,,,,,,,,,,
TAACCATGCATAATGGAGGAGACTT,TCTTAATCATGCAGAGGACGGTTTC,23.24162824,,,,,,,,,,,
TAACCATGCATAATGGAGGAGACTT,TCTTAATCATGTTGAGAGGGGTTTC,3.951176195,,,,,,,,,,,
TAACCATGCATAATGGAGGAGACTT,TCTTAATCATGTGAAGGCAGGTTTC,6.097778536,,,,,,,,,,,
TAACCATGCATAATGGAGGAGACTT,TCTTAATCATGCAAAGAGAGGTTTC,12.5666749,,,,,,,,,,,
TAACCATGCATAATGGAGGAGACTT,TCTTAATCATGGAGAGGTGGGTTTC,22.41894725,,,,,,,,,,,
TAACCATGCATAATGGAGGAGACTT,TCTTAATCATGGGAAGGATGGTTTC,3.513716758,,,,,,,,,,,
TAACCATGCATAATGGAGGAGACTT,TCTTAATCATGTAGAGGAAGGTTTC,2.646597614,,,,,,,,,,,
TAACCATGCATAATGGAGGAGACTT,TCTTAATCATGAGTAGGAGGGTTTC,10.39474064,,,,,,,,,,,
TAACCATGCATAATGGAGGAGACTT,TCTTAATCATGATGAGTGGGGTTTC,13.59088877,,,,,,,,,,,
TAACCATGCATAATGGAGGAGACTT,TCTTAATCATGCGAAGAATGGTTTC,5.111317688,,,,,,,,,,,
TAACCATGCATAATGGAGGAGACTT,TCTTAATCATGCTGAGAGCGGTTTC,31.98018114,,,,,,,,,,,
TAACCATGCATAATGGAGGAGACTT,TCTTAATCATGCTAAGAGAGGTTTC,40.26171531,,,,,,,,,,,
TAACCATGCATAATGGAGGAGACTT,TCTTAATCATGTGGAGGTAGGTTTC,37.51352674,,,,,,,,,,,
TAACCATGCATAATGGAGGAGACTT,TCTTAATCATGAAGAGTGAGGTTTC,7.725423945,,,,,,,,,,,
TAACCATGCATAATGGAGGAGACTT,TCTTAATCATGATAAGGCGGGTTTC,11.8700193,,,,,,,,,,,
TAACCATGCATAAGGGAGAGGACTT,TCTTAATCATGCGGAGGAGGGTTTC,1.955217349,,,,,,,,,,,
TAACCATGCATAAGGGAGAGGACTT,TCTTAATCATGAAGAGGATGGTTTC,1.331941379,,,,,,,,,,,
TAACCATGCATAAGGGAGAGGACTT,TCTTAATCATGTCGAGCGAGGTTTC,1.472357361,,,,,,,,,,,
TAACCATGCATAAGGGAGAGGACTT,TCTTAATCATGCTAAGAAGGGTTTC,2.378011699,,,,,,,,,,,
TAACCATGCATAAGGGAGAGGACTT,TCTTAATCATGAGAAGAGTGGTTTC,1.222564722,,,,,,,,,,,
TAACCATGCATAAGGGAGAGGACTT,TCTTAATCATGCAGAGGACGGTTTC,1.389618524,,,,,,,,,,,
TAACCATGCATAAGGGAGAGGACTT,TCTTAATCATGTTGAGAGGGGTTTC,3.293192326,,,,,,,,,,,
TAACCATGCATAAGGGAGAGGACTT,TCTTAATCATGTGAAGGCAGGTTTC,1.222059666,,,,,,,,,,,
TAACCATGCATAAGGGAGAGGACTT,TCTTAATCATGCAAAGAGAGGTTTC,30.95853062,,,,,,,,,,,
TAACCATGCATAAGGGAGAGGACTT,TCTTAATCATGGAGAGGTGGGTTTC,3.245465464,,,,,,,,,,,
TAACCATGCATAAGGGAGAGGACTT,TCTTAATCATGGGAAGGATGGTTTC,6.464775876,,,,,,,,,,,
TAACCATGCATAAGGGAGAGGACTT,TCTTAATCATGTAGAGGAAGGTTTC,32.7902433,,,,,,,,,,,
TAACCATGCATAAGGGAGAGGACTT,TCTTAATCATGAGTAGGAGGGTTTC,18.43964632,,,,,,,,,,,
TAACCATGCATAAGGGAGAGGACTT,TCTTAATCATGATGAGTGGGGTTTC,4.460176889,,,,,,,,,,,
TAACCATGCATAAGGGAGAGGACTT,TCTTAATCATGCGAAGAATGGTTTC,3.311466356,,,,,,,,,,,
TAACCATGCATAAGGGAGAGGACTT,TCTTAATCATGCTGAGAGCGGTTTC,24.44466779,,,,,,,,,,,
TAACCATGCATAAGGGAGAGGACTT,TCTTAATCATGCTAAGAGAGGTTTC,15.88565709,,,,,,,,,,,
TAACCATGCATAAGGGAGAGGACTT,TCTTAATCATGTGGAGGTAGGTTTC,33.93589463,,,,,,,,,,,
TAACCATGCATAAGGGAGAGGACTT,TCTTAATCATGAAGAGTGAGGTTTC,32.18306845,,,,,,,,,,,
TAACCATGCATAAGGGAGAGGACTT,TCTTAATCATGATAAGGCGGGTTTC,9.42251218,,,,,,,,,,,
TAACCATGCATAAGGGAGGAGACTT,TCTTAATCATGCGGAGGAGGGTTTC,12.76420259,,,,,,,,,,,
TAACCATGCATAAGGGAGGAGACTT,TCTTAATCATGAAGAGGATGGTTTC,32.88531429,,,,,,,,,,,
TAACCATGCATAAGGGAGGAGACTT,TCTTAATCATGTCGAGCGAGGTTTC,9.873076199,,,,,,,,,,,
TAACCATGCATAAGGGAGGAGACTT,TCTTAATCATGCTAAGAAGGGTTTC,7.005628403,,,,,,,,,,,
TAACCATGCATAAGGGAGGAGACTT,TCTTAATCATGAGAAGAGTGGTTTC,7.414211953,,,,,,,,,,,
TAACCATGCATAAGGGAGGAGACTT,TCTTAATCATGCAGAGGACGGTTTC,3.4828367,,,,,,,,,,,
TAACCATGCATAAGGGAGGAGACTT,TCTTAATCATGTTGAGAGGGGTTTC,7.350439167,,,,,,,,,,,
TAACCATGCATAAGGGAGGAGACTT,TCTTAATCATGTGAAGGCAGGTTTC,2.096773373,,,,,,,,,,,
TAACCATGCATAAGGGAGGAGACTT,TCTTAATCATGCAAAGAGAGGTTTC,7.994116087,,,,,,,,,,,
TAACCATGCATAAGGGAGGAGACTT,TCTTAATCATGGAGAGGTGGGTTTC,2.605190112,,,,,,,,,,,
TAACCATGCATAAGGGAGGAGACTT,TCTTAATCATGGGAAGGATGGTTTC,4.095181006,,,,,,,,,,,
TAACCATGCATAAGGGAGGAGACTT,TCTTAATCATGTAGAGGAAGGTTTC,10.96908266,,,,,,,,,,,
TAACCATGCATAAGGGAGGAGACTT,TCTTAATCATGAGTAGGAGGGTTTC,15.12601018,,,,,,,,,,,
TAACCATGCATAAGGGAGGAGACTT,TCTTAATCATGATGAGTGGGGTTTC,4.457201421,,,,,,,,,,,
TAACCATGCATAAGGGAGGAGACTT,TCTTAATCATGCGAAGAATGGTTTC,43.12199078,,,,,,,,,,,
TAACCATGCATAAGGGAGGAGACTT,TCTTAATCATGCTGAGAGCGGTTTC,24.21324304,,,,,,,,,,,
TAACCATGCATAAGGGAGGAGACTT,TCTTAATCATGCTAAGAGAGGTTTC,8.485003548,,,,,,,,,,,
TAACCATGCATAAGGGAGGAGACTT,TCTTAATCATGTGGAGGTAGGTTTC,33.25029284,,,,,,,,,,,
TAACCATGCATAAGGGAGGAGACTT,TCTTAATCATGAAGAGTGAGGTTTC,24.70976731,,,,,,,,,,,
TAACCATGCATAAGGGAGGAGACTT,TCTTAATCATGATAAGGCGGGTTTC,6.70328062,,,,,,,,,,,
TAACCATGCATATAGGAGAGGACTT,TCTTAATCATGCGGAGGAGGGTTTC,7.312829696,,,,,,,,,,,
TAACCATGCATATAGGAGAGGACTT,TCTTAATCATGAAGAGGATGGTTTC,22.46160539,,,,,,,,,,,
TAACCATGCATATAGGAGAGGACTT,TCTTAATCATGTCGAGCGAGGTTTC,6.782341426,,,,,,,,,,,
TAACCATGCATATAGGAGAGGACTT,TCTTAATCATGCTAAGAAGGGTTTC,4.430002691,,,,,,,,,,,
TAACCATGCATATAGGAGAGGACTT,TCTTAATCATGAGAAGAGTGGTTTC,6.041714335,,,,,,,,,,,
TAACCATGCATATAGGAGAGGACTT,TCTTAATCATGCAGAGGACGGTTTC,3.750151274,,,,,,,,,,,
TAACCATGCATATAGGAGAGGACTT,TCTTAATCATGTTGAGAGGGGTTTC,25.39068421,,,,,,,,,,,
TAACCATGCATATAGGAGAGGACTT,TCTTAATCATGTGAAGGCAGGTTTC,12.57152546,,,,,,,,,,,
TAACCATGCATATAGGAGAGGACTT,TCTTAATCATGCAAAGAGAGGTTTC,8.635660431,,,,,,,,,,,
TAACCATGCATATAGGAGAGGACTT,TCTTAATCATGGAGAGGTGGGTTTC,3.115796508,,,,,,,,,,,
TAACCATGCATATAGGAGAGGACTT,TCTTAATCATGGGAAGGATGGTTTC,3.644223675,,,,,,,,,,,
TAACCATGCATATAGGAGAGGACTT,TCTTAATCATGTAGAGGAAGGTTTC,11.60622911,,,,,,,,,,,
TAACCATGCATATAGGAGAGGACTT,TCTTAATCATGAGTAGGAGGGTTTC,14.35322616,,,,,,,,,,,
TAACCATGCATATAGGAGAGGACTT,TCTTAATCATGATGAGTGGGGTTTC,41.08865501,,,,,,,,,,,
TAACCATGCATATAGGAGAGGACTT,TCTTAATCATGCGAAGAATGGTTTC,3.684461291,,,,,,,,,,,
TAACCATGCATATAGGAGAGGACTT,TCTTAATCATGCTGAGAGCGGTTTC,5.507781711,,,,,,,,,,,
TAACCATGCATATAGGAGAGGACTT,TCTTAATCATGCTAAGAGAGGTTTC,29.98720236,,,,,,,,,,,
TAACCATGCATATAGGAGAGGACTT,TCTTAATCATGTGGAGGTAGGTTTC,19.60577809,,,,,,,,,,,
TAACCATGCATATAGGAGAGGACTT,TCTTAATCATGAAGAGTGAGGTTTC,18.95800846,,,,,,,,,,,
TAACCATGCATATAGGAGAGGACTT,TCTTAATCATGATAAGGCGGGTTTC,29.70987766,,,,,,,,,,,
TAACCATGCATATTGGAGAAGACTT,TCTTAATCATGCGGAGGAGGGTTTC,5.8894782,,,,,,,,,,,
TAACCATGCATATTGGAGAAGACTT,TCTTAATCATGAAGAGGATGGTTTC,13.51426378,,,,,,,,,,,
TAACCATGCATATTGGAGAAGACTT,TCTTAATCATGTCGAGCGAGGTTTC,4.596705006,,,,,,,,,,,
TAACCATGCATATTGGAGAAGACTT,TCTTAATCATGCTAAGAAGGGTTTC,3.482690626,,,,,,,,,,,
TAACCATGCATATTGGAGAAGACTT,TCTTAATCATGAGAAGAGTGGTTTC,3.447168819,,,,,,,,,,,
TAACCATGCATATTGGAGAAGACTT,TCTTAATCATGCAGAGGACGGTTTC,2.325205851,,,,,,,,,,,
TAACCATGCATATTGGAGAAGACTT,TCTTAATCATGTTGAGAGGGGTTTC,2.72400657,,,,,,,,,,,
TAACCATGCATATTGGAGAAGACTT,TCTTAATCATGTGAAGGCAGGTTTC,3.152988069,,,,,,,,,,,
TAACCATGCATATTGGAGAAGACTT,TCTTAATCATGCAAAGAGAGGTTTC,6.906183466,,,,,,,,,,,
TAACCATGCATATTGGAGAAGACTT,TCTTAATCATGGAGAGGTGGGTTTC,21.5188992,,,,,,,,,,,
TAACCATGCATATTGGAGAAGACTT,TCTTAATCATGGGAAGGATGGTTTC,3.997202225,,,,,,,,,,,
TAACCATGCATATTGGAGAAGACTT,TCTTAATCATGTAGAGGAAGGTTTC,6.297177026,,,,,,,,,,,
TAACCATGCATATTGGAGAAGACTT,TCTTAATCATGAGTAGGAGGGTTTC,8.795805111,,,,,,,,,,,
TAACCATGCATATTGGAGAAGACTT,TCTTAATCATGATGAGTGGGGTTTC,24.49721958,,,,,,,,,,,
TAACCATGCATATTGGAGAAGACTT,TCTTAATCATGCGAAGAATGGTTTC,18.36240186,,,,,,,,,,,
TAACCATGCATATTGGAGAAGACTT,TCTTAATCATGCTGAGAGCGGTTTC,1.946205376,,,,,,,,,,,
TAACCATGCATATTGGAGAAGACTT,TCTTAATCATGCTAAGAGAGGTTTC,4.358999184,,,,,,,,,,,
TAACCATGCATATTGGAGAAGACTT,TCTTAATCATGTGGAGGTAGGTTTC,6.926935563,,,,,,,,,,,
TAACCATGCATATTGGAGAAGACTT,TCTTAATCATGAAGAGTGAGGTTTC,19.83820296,,,,,,,,,,,
TAACCATGCATATTGGAGAAGACTT,TCTTAATCATGATAAGGCGGGTTTC,4.923309919,,,,,,,,,,,
TAACCATGCATATGGGAGAGGACTT,TCTTAATCATGCGGAGGAGGGTTTC,7.415901652,,,,,,,,,,,
TAACCATGCATATGGGAGAGGACTT,TCTTAATCATGAAGAGGATGGTTTC,4.83063122,,,,,,,,,,,
TAACCATGCATATGGGAGAGGACTT,TCTTAATCATGTCGAGCGAGGTTTC,5.913676002,,,,,,,,,,,
TAACCATGCATATGGGAGAGGACTT,TCTTAATCATGCTAAGAAGGGTTTC,4.627942204,,,,,,,,,,,
TAACCATGCATATGGGAGAGGACTT,TCTTAATCATGAGAAGAGTGGTTTC,3.625086352,,,,,,,,,,,
TAACCATGCATATGGGAGAGGACTT,TCTTAATCATGCAGAGGACGGTTTC,6.851927694,,,,,,,,,,,
TAACCATGCATATGGGAGAGGACTT,TCTTAATCATGTTGAGAGGGGTTTC,4.511207673,,,,,,,,,,,
TAACCATGCATATGGGAGAGGACTT,TCTTAATCATGTGAAGGCAGGTTTC,2.950162966,,,,,,,,,,,
TAACCATGCATATGGGAGAGGACTT,TCTTAATCATGCAAAGAGAGGTTTC,6.802015253,,,,,,,,,,,
TAACCATGCATATGGGAGAGGACTT,TCTTAATCATGGAGAGGTGGGTTTC,1.65530581,,,,,,,,,,,
TAACCATGCATATGGGAGAGGACTT,TCTTAATCATGGGAAGGATGGTTTC,3.114680732,,,,,,,,,,,
TAACCATGCATATGGGAGAGGACTT,TCTTAATCATGTAGAGGAAGGTTTC,5.861667909,,,,,,,,,,,
TAACCATGCATATGGGAGAGGACTT,TCTTAATCATGAGTAGGAGGGTTTC,13.98001494,,,,,,,,,,,
TAACCATGCATATGGGAGAGGACTT,TCTTAATCATGATGAGTGGGGTTTC,3.089728797,,,,,,,,,,,
TAACCATGCATATGGGAGAGGACTT,TCTTAATCATGCGAAGAATGGTTTC,5.68517183,,,,,,,,,,,
TAACCATGCATATGGGAGAGGACTT,TCTTAATCATGCTGAGAGCGGTTTC,2.70241228,,,,,,,,,,,
TAACCATGCATATGGGAGAGGACTT,TCTTAATCATGCTAAGAGAGGTTTC,9.875773755,,,,,,,,,,,
TAACCATGCATATGGGAGAGGACTT,TCTTAATCATGTGGAGGTAGGTTTC,26.1153558,,,,,,,,,,,
TAACCATGCATATGGGAGAGGACTT,TCTTAATCATGAAGAGTGAGGTTTC,13.75040071,,,,,,,,,,,
TAACCATGCATATGGGAGAGGACTT,TCTTAATCATGATAAGGCGGGTTTC,4.792267856,,,,,,,,,,,
TAACCATGCATATGGGAGTGGACTT,TCTTAATCATGCGGAGGAGGGTTTC,3.519188787,,,,,,,,,,,
TAACCATGCATATGGGAGTGGACTT,TCTTAATCATGAAGAGGATGGTTTC,1.835355206,,,,,,,,,,,
TAACCATGCATATGGGAGTGGACTT,TCTTAATCATGTCGAGCGAGGTTTC,10.94413364,,,,,,,,,,,
TAACCATGCATATGGGAGTGGACTT,TCTTAATCATGCTAAGAAGGGTTTC,2.627626951,,,,,,,,,,,
TAACCATGCATATGGGAGTGGACTT,TCTTAATCATGAGAAGAGTGGTTTC,8.078353725,,,,,,,,,,,
TAACCATGCATATGGGAGTGGACTT,TCTTAATCATGCAGAGGACGGTTTC,4.129325011,,,,,,,,,,,
TAACCATGCATATGGGAGTGGACTT,TCTTAATCATGTTGAGAGGGGTTTC,2.280760673,,,,,,,,,,,
TAACCATGCATATGGGAGTGGACTT,TCTTAATCATGTGAAGGCAGGTTTC,1.661868957,,,,,,,,,,,
TAACCATGCATATGGGAGTGGACTT,TCTTAATCATGCAAAGAGAGGTTTC,2.851894155,,,,,,,,,,,
TAACCATGCATATGGGAGTGGACTT,TCTTAATCATGGAGAGGTGGGTTTC,7.516362438,,,,,,,,,,,
TAACCATGCATATGGGAGTGGACTT,TCTTAATCATGGGAAGGATGGTTTC,2.028611859,,,,,,,,,,,
TAACCATGCATATGGGAGTGGACTT,TCTTAATCATGTAGAGGAAGGTTTC,2.825072514,,,,,,,,,,,
TAACCATGCATATGGGAGTGGACTT,TCTTAATCATGAGTAGGAGGGTTTC,3.824037471,,,,,,,,,,,
TAACCATGCATATGGGAGTGGACTT,TCTTAATCATGATGAGTGGGGTTTC,7.29382605,,,,,,,,,,,
TAACCATGCATATGGGAGTGGACTT,TCTTAATCATGCGAAGAATGGTTTC,11.1204228,,,,,,,,,,,
TAACCATGCATATGGGAGTGGACTT,TCTTAATCATGCTGAGAGCGGTTTC,11.70238522,,,,,,,,,,,
TAACCATGCATATGGGAGTGGACTT,TCTTAATCATGCTAAGAGAGGTTTC,1.592037345,,,,,,,,,,,
TAACCATGCATATGGGAGTGGACTT,TCTTAATCATGTGGAGGTAGGTTTC,4.406731444,,,,,,,,,,,
TAACCATGCATATGGGAGTGGACTT,TCTTAATCATGAAGAGTGAGGTTTC,1.766730998,,,,,,,,,,,
TAACCATGCATATGGGAGTGGACTT,TCTTAATCATGATAAGGCGGGTTTC,2.576666326,,,,,,,,,,,
TAACCATGCATACTGGAGGAGACTT,TCTTAATCATGCGGAGGAGGGTTTC,36.90765828,,,,,,,,,,,
TAACCATGCATACTGGAGGAGACTT,TCTTAATCATGAAGAGGATGGTTTC,5.476289912,,,,,,,,,,,
TAACCATGCATACTGGAGGAGACTT,TCTTAATCATGTCGAGCGAGGTTTC,17.2265622,,,,,,,,,,,
TAACCATGCATACTGGAGGAGACTT,TCTTAATCATGCTAAGAAGGGTTTC,3.586076072,,,,,,,,,,,
TAACCATGCATACTGGAGGAGACTT,TCTTAATCATGAGAAGAGTGGTTTC,25.03444375,,,,,,,,,,,
TAACCATGCATACTGGAGGAGACTT,TCTTAATCATGCAGAGGACGGTTTC,26.72825505,,,,,,,,,,,
TAACCATGCATACTGGAGGAGACTT,TCTTAATCATGTTGAGAGGGGTTTC,8.909178277,,,,,,,,,,,
TAACCATGCATACTGGAGGAGACTT,TCTTAATCATGTGAAGGCAGGTTTC,3.482948508,,,,,,,,,,,
TAACCATGCATACTGGAGGAGACTT,TCTTAATCATGCAAAGAGAGGTTTC,8.572970107,,,,,,,,,,,
TAACCATGCATACTGGAGGAGACTT,TCTTAATCATGGAGAGGTGGGTTTC,33.86003965,,,,,,,,,,,
TAACCATGCATACTGGAGGAGACTT,TCTTAATCATGGGAAGGATGGTTTC,21.85205044,,,,,,,,,,,
TAACCATGCATACTGGAGGAGACTT,TCTTAATCATGTAGAGGAAGGTTTC,24.02058618,,,,,,,,,,,
TAACCATGCATACTGGAGGAGACTT,TCTTAATCATGAGTAGGAGGGTTTC,10.66267551,,,,,,,,,,,
TAACCATGCATACTGGAGGAGACTT,TCTTAATCATGATGAGTGGGGTTTC,3.292934247,,,,,,,,,,,
TAACCATGCATACTGGAGGAGACTT,TCTTAATCATGCGAAGAATGGTTTC,2.721145422,,,,,,,,,,,
TAACCATGCATACTGGAGGAGACTT,TCTTAATCATGCTGAGAGCGGTTTC,3.74804675,,,,,,,,,,,
TAACCATGCATACTGGAGGAGACTT,TCTTAATCATGCTAAGAGAGGTTTC,8.699483943,,,,,,,,,,,
TAACCATGCATACTGGAGGAGACTT,TCTTAATCATGTGGAGGTAGGTTTC,27.44270874,,,,,,,,,,,
TAACCATGCATACTGGAGGAGACTT,TCTTAATCATGAAGAGTGAGGTTTC,30.00946316,,,,,,,,,,,
TAACCATGCATACTGGAGGAGACTT,TCTTAATCATGATAAGGCGGGTTTC,39.87928002,,,,,,,,,,,
TAACCATGCATACGGGAGATGACTT,TCTTAATCATGCGGAGGAGGGTTTC,5.92966825,,,,,,,,,,,
TAACCATGCATACGGGAGATGACTT,TCTTAATCATGAAGAGGATGGTTTC,1.621350465,,,,,,,,,,,
TAACCATGCATACGGGAGATGACTT,TCTTAATCATGTCGAGCGAGGTTTC,4.580234502,,,,,,,,,,,
TAACCATGCATACGGGAGATGACTT,TCTTAATCATGCTAAGAAGGGTTTC,2.422655253,,,,,,,,,,,
TAACCATGCATACGGGAGATGACTT,TCTTAATCATGAGAAGAGTGGTTTC,2.038035443,,,,,,,,,,,
TAACCATGCATACGGGAGATGACTT,TCTTAATCATGCAGAGGACGGTTTC,1.133947582,,,,,,,,,,,
TAACCATGCATACGGGAGATGACTT,TCTTAATCATGTTGAGAGGGGTTTC,2.509585759,,,,,,,,,,,
TAACCATGCATACGGGAGATGACTT,TCTTAATCATGTGAAGGCAGGTTTC,5.249666506,,,,,,,,,,,
TAACCATGCATACGGGAGATGACTT,TCTTAATCATGCAAAGAGAGGTTTC,8.249276887,,,,,,,,,,,
TAACCATGCATACGGGAGATGACTT,TCTTAATCATGGAGAGGTGGGTTTC,1.743130556,,,,,,,,,,,
TAACCATGCATACGGGAGATGACTT,TCTTAATCATGGGAAGGATGGTTTC,2.742132451,,,,,,,,,,,
TAACCATGCATACGGGAGATGACTT,TCTTAATCATGTAGAGGAAGGTTTC,2.606807054,,,,,,,,,,,
TAACCATGCATACGGGAGATGACTT,TCTTAATCATGAGTAGGAGGGTTTC,6.63255607,,,,,,,,,,,
TAACCATGCATACGGGAGATGACTT,TCTTAATCATGATGAGTGGGGTTTC,1.6420287,,,,,,,,,,,
TAACCATGCATACGGGAGATGACTT,TCTTAATCATGCGAAGAATGGTTTC,1.446075337,,,,,,,,,,,
TAACCATGCATACGGGAGATGACTT,TCTTAATCATGCTGAGAGCGGTTTC,1.610902443,,,,,,,,,,,
TAACCATGCATACGGGAGATGACTT,TCTTAATCATGCTAAGAGAGGTTTC,7.553639974,,,,,,,,,,,
TAACCATGCATACGGGAGATGACTT,TCTTAATCATGTGGAGGTAGGTTTC,5.943256253,,,,,,,,,,,
TAACCATGCATACGGGAGATGACTT,TCTTAATCATGAAGAGTGAGGTTTC,2.133416202,,,,,,,,,,,
TAACCATGCATACGGGAGATGACTT,TCTTAATCATGATAAGGCGGGTTTC,2.413281822,,,,,,,,,,,
TAACCATGCATACGGGAGTGGACTT,TCTTAATCATGCGGAGGAGGGTTTC,3.206785386,,,,,,,,,,,
TAACCATGCATACGGGAGTGGACTT,TCTTAATCATGAAGAGGATGGTTTC,2.132680213,,,,,,,,,,,
TAACCATGCATACGGGAGTGGACTT,TCTTAATCATGTCGAGCGAGGTTTC,5.031731592,,,,,,,,,,,
TAACCATGCATACGGGAGTGGACTT,TCTTAATCATGCTAAGAAGGGTTTC,1.135725745,,,,,,,,,,,
TAACCATGCATACGGGAGTGGACTT,TCTTAATCATGAGAAGAGTGGTTTC,4.705933102,,,,,,,,,,,
TAACCATGCATACGGGAGTGGACTT,TCTTAATCATGCAGAGGACGGTTTC,1.912814703,,,,,,,,,,,
TAACCATGCATACGGGAGTGGACTT,TCTTAATCATGTTGAGAGGGGTTTC,2.506269942,,,,,,,,,,,
TAACCATGCATACGGGAGTGGACTT,TCTTAATCATGTGAAGGCAGGTTTC,2.237189157,,,,,,,,,,,
TAACCATGCATACGGGAGTGGACTT,TCTTAATCATGCAAAGAGAGGTTTC,2.247885384,,,,,,,,,,,
TAACCATGCATACGGGAGTGGACTT,TCTTAATCATGGAGAGGTGGGTTTC,1.961896614,,,,,,,,,,,
TAACCATGCATACGGGAGTGGACTT,TCTTAATCATGGGAAGGATGGTTTC,1.540551891,,,,,,,,,,,
TAACCATGCATACGGGAGTGGACTT,TCTTAATCATGTAGAGGAAGGTTTC,2.332522672,,,,,,,,,,,
TAACCATGCATACGGGAGTGGACTT,TCTTAATCATGAGTAGGAGGGTTTC,2.357421932,,,,,,,,,,,
TAACCATGCATACGGGAGTGGACTT,TCTTAATCATGATGAGTGGGGTTTC,1.853223799,,,,,,,,,,,
TAACCATGCATACGGGAGTGGACTT,TCTTAATCATGCGAAGAATGGTTTC,1.377022699,,,,,,,,,,,
TAACCATGCATACGGGAGTGGACTT,TCTTAATCATGCTGAGAGCGGTTTC,1.354262417,,,,,,,,,,,
TAACCATGCATACGGGAGTGGACTT,TCTTAATCATGCTAAGAGAGGTTTC,2.336985589,,,,,,,,,,,
TAACCATGCATACGGGAGTGGACTT,TCTTAATCATGTGGAGGTAGGTTTC,5.869388553,,,,,,,,,,,
TAACCATGCATACGGGAGTGGACTT,TCTTAATCATGAAGAGTGAGGTTTC,1.926024573,,,,,,,,,,,
TAACCATGCATACGGGAGTGGACTT,TCTTAATCATGATAAGGCGGGTTTC,3.350574977,,,,,,,,,,,
TAACCATGCATAGAGGAGAGGACTT,TCTTAATCATGCGGAGGAGGGTTTC,32.93483536,,,,,,,,,,,
TAACCATGCATAGAGGAGAGGACTT,TCTTAATCATGAAGAGGATGGTTTC,8.37158916,,,,,,,,,,,
TAACCATGCATAGAGGAGAGGACTT,TCTTAATCATGTCGAGCGAGGTTTC,13.8115364,,,,,,,,,,,
TAACCATGCATAGAGGAGAGGACTT,TCTTAATCATGCTAAGAAGGGTTTC,9.034791996,,,,,,,,,,,
TAACCATGCATAGAGGAGAGGACTT,TCTTAATCATGAGAAGAGTGGTTTC,7.112027692,,,,,,,,,,,
TAACCATGCATAGAGGAGAGGACTT,TCTTAATCATGCAGAGGACGGTTTC,49.87269758,,,,,,,,,,,
TAACCATGCATAGAGGAGAGGACTT,TCTTAATCATGTTGAGAGGGGTTTC,8.940885235,,,,,,,,,,,
TAACCATGCATAGAGGAGAGGACTT,TCTTAATCATGTGAAGGCAGGTTTC,4.429834345,,,,,,,,,,,
TAACCATGCATAGAGGAGAGGACTT,TCTTAATCATGCAAAGAGAGGTTTC,11.76008827,,,,,,,,,,,
TAACCATGCATAGAGGAGAGGACTT,TCTTAATCATGGAGAGGTGGGTTTC,3.896841419,,,,,,,,,,,
TAACCATGCATAGAGGAGAGGACTT,TCTTAATCATGGGAAGGATGGTTTC,6.243758194,,,,,,,,,,,
TAACCATGCATAGAGGAGAGGACTT,TCTTAATCATGTAGAGGAAGGTTTC,38.13022411,,,,,,,,,,,
TAACCATGCATAGAGGAGAGGACTT,TCTTAATCATGAGTAGGAGGGTTTC,1.005906645,,,,,,,,,,,
TAACCATGCATAGAGGAGAGGACTT,TCTTAATCATGATGAGTGGGGTTTC,3.132731301,,,,,,,,,,,
TAACCATGCATAGAGGAGAGGACTT,TCTTAATCATGCGAAGAATGGTTTC,4.021319743,,,,,,,,,,,
TAACCATGCATAGAGGAGAGGACTT,TCTTAATCATGCTGAGAGCGGTTTC,6.299945193,,,,,,,,,,,
TAACCATGCATAGAGGAGAGGACTT,TCTTAATCATGCTAAGAGAGGTTTC,11.99286534,,,,,,,,,,,
TAACCATGCATAGAGGAGAGGACTT,TCTTAATCATGTGGAGGTAGGTTTC,14.12097681,,,,,,,,,,,
TAACCATGCATAGAGGAGAGGACTT,TCTTAATCATGAAGAGTGAGGTTTC,7.014178286,,,,,,,,,,,
TAACCATGCATAGAGGAGAGGACTT,TCTTAATCATGATAAGGCGGGTTTC,11.96717415,,,,,,,,,,,
TAACCATGCATAGAGGAGGTGACTT,TCTTAATCATGCGGAGGAGGGTTTC,10.78147013,,,,,,,,,,,
TAACCATGCATAGAGGAGGTGACTT,TCTTAATCATGAAGAGGATGGTTTC,7.003022386,,,,,,,,,,,
TAACCATGCATAGAGGAGGTGACTT,TCTTAATCATGTCGAGCGAGGTTTC,11.30931896,,,,,,,,,,,
TAACCATGCATAGAGGAGGTGACTT,TCTTAATCATGCTAAGAAGGGTTTC,5.138743547,,,,,,,,,,,
TAACCATGCATAGAGGAGGTGACTT,TCTTAATCATGAGAAGAGTGGTTTC,4.162920944,,,,,,,,,,,
TAACCATGCATAGAGGAGGTGACTT,TCTTAATCATGCAGAGGACGGTTTC,13.39754811,,,,,,,,,,,
TAACCATGCATAGAGGAGGTGACTT,TCTTAATCATGTTGAGAGGGGTTTC,10.33282035,,,,,,,,,,,
TAACCATGCATAGAGGAGGTGACTT,TCTTAATCATGTGAAGGCAGGTTTC,3.606580819,,,,,,,,,,,
TAACCATGCATAGAGGAGGTGACTT,TCTTAATCATGCAAAGAGAGGTTTC,4.983387937,,,,,,,,,,,
TAACCATGCATAGAGGAGGTGACTT,TCTTAATCATGGAGAGGTGGGTTTC,4.773089042,,,,,,,,,,,
TAACCATGCATAGAGGAGGTGACTT,TCTTAATCATGGGAAGGATGGTTTC,25.18115678,,,,,,,,,,,
TAACCATGCATAGAGGAGGTGACTT,TCTTAATCATGTAGAGGAAGGTTTC,7.605028501,,,,,,,,,,,
TAACCATGCATAGAGGAGGTGACTT,TCTTAATCATGAGTAGGAGGGTTTC,10.44483067,,,,,,,,,,,
TAACCATGCATAGAGGAGGTGACTT,TCTTAATCATGATGAGTGGGGTTTC,3.964840137,,,,,,,,,,,
TAACCATGCATAGAGGAGGTGACTT,TCTTAATCATGCGAAGAATGGTTTC,2.444602177,,,,,,,,,,,
TAACCATGCATAGAGGAGGTGACTT,TCTTAATCATGCTGAGAGCGGTTTC,4.16677682,,,,,,,,,,,
TAACCATGCATAGAGGAGGTGACTT,TCTTAATCATGCTAAGAGAGGTTTC,12.63918089,,,,,,,,,,,
TAACCATGCATAGAGGAGGTGACTT,TCTTAATCATGTGGAGGTAGGTTTC,11.53024626,,,,,,,,,,,
TAACCATGCATAGAGGAGGTGACTT,TCTTAATCATGAAGAGTGAGGTTTC,6.8667834,,,,,,,,,,,
TAACCATGCATAGAGGAGGTGACTT,TCTTAATCATGATAAGGCGGGTTTC,9.656472482,,,,,,,,,,,
TAACCATGCATAGTGGAGGAGACTT,TCTTAATCATGCGGAGGAGGGTTTC,39.43992877,,,,,,,,,,,
TAACCATGCATAGTGGAGGAGACTT,TCTTAATCATGAAGAGGATGGTTTC,4.20000091,,,,,,,,,,,
TAACCATGCATAGTGGAGGAGACTT,TCTTAATCATGTCGAGCGAGGTTTC,8.442896051,,,,,,,,,,,
TAACCATGCATAGTGGAGGAGACTT,TCTTAATCATGCTAAGAAGGGTTTC,6.936421293,,,,,,,,,,,
TAACCATGCATAGTGGAGGAGACTT,TCTTAATCATGAGAAGAGTGGTTTC,18.02178408,,,,,,,,,,,
TAACCATGCATAGTGGAGGAGACTT,TCTTAATCATGCAGAGGACGGTTTC,5.771033932,,,,,,,,,,,
TAACCATGCATAGTGGAGGAGACTT,TCTTAATCATGTTGAGAGGGGTTTC,3.541101219,,,,,,,,,,,
TAACCATGCATAGTGGAGGAGACTT,TCTTAATCATGTGAAGGCAGGTTTC,26.7878067,,,,,,,,,,,
TAACCATGCATAGTGGAGGAGACTT,TCTTAATCATGCAAAGAGAGGTTTC,8.043401922,,,,,,,,,,,
TAACCATGCATAGTGGAGGAGACTT,TCTTAATCATGGAGAGGTGGGTTTC,6.939662753,,,,,,,,,,,
TAACCATGCATAGTGGAGGAGACTT,TCTTAATCATGGGAAGGATGGTTTC,7.573490881,,,,,,,,,,,
TAACCATGCATAGTGGAGGAGACTT,TCTTAATCATGTAGAGGAAGGTTTC,10.43920711,,,,,,,,,,,
TAACCATGCATAGTGGAGGAGACTT,TCTTAATCATGAGTAGGAGGGTTTC,17.48555902,,,,,,,,,,,
TAACCATGCATAGTGGAGGAGACTT,TCTTAATCATGATGAGTGGGGTTTC,5.191149069,,,,,,,,,,,
TAACCATGCATAGTGGAGGAGACTT,TCTTAATCATGCGAAGAATGGTTTC,8.55240923,,,,,,,,,,,
TAACCATGCATAGTGGAGGAGACTT,TCTTAATCATGCTGAGAGCGGTTTC,7.127495777,,,,,,,,,,,
TAACCATGCATAGTGGAGGAGACTT,TCTTAATCATGCTAAGAGAGGTTTC,15.50719395,,,,,,,,,,,
TAACCATGCATAGTGGAGGAGACTT,TCTTAATCATGTGGAGGTAGGTTTC,20.75129149,,,,,,,,,,,
TAACCATGCATAGTGGAGGAGACTT,TCTTAATCATGAAGAGTGAGGTTTC,7.91688685,,,,,,,,,,,
TAACCATGCATAGTGGAGGAGACTT,TCTTAATCATGATAAGGCGGGTTTC,10.91404985,,,,,,,,,,,
TAACCATGCATAGGGGAGAGGACTT,TCTTAATCATGCGGAGGAGGGTTTC,8.403137988,,,,,,,,,,,
TAACCATGCATAGGGGAGAGGACTT,TCTTAATCATGAAGAGGATGGTTTC,5.103101656,,,,,,,,,,,
TAACCATGCATAGGGGAGAGGACTT,TCTTAATCATGTCGAGCGAGGTTTC,8.978369071,,,,,,,,,,,
TAACCATGCATAGGGGAGAGGACTT,TCTTAATCATGCTAAGAAGGGTTTC,5.562823716,,,,,,,,,,,
TAACCATGCATAGGGGAGAGGACTT,TCTTAATCATGAGAAGAGTGGTTTC,2.960375896,,,,,,,,,,,
TAACCATGCATAGGGGAGAGGACTT,TCTTAATCATGCAGAGGACGGTTTC,5.975191574,,,,,,,,,,,
TAACCATGCATAGGGGAGAGGACTT,TCTTAATCATGTTGAGAGGGGTTTC,7.756649417,,,,,,,,,,,
TAACCATGCATAGGGGAGAGGACTT,TCTTAATCATGTGAAGGCAGGTTTC,2.862353173,,,,,,,,,,,
TAACCATGCATAGGGGAGAGGACTT,TCTTAATCATGCAAAGAGAGGTTTC,8.384131106,,,,,,,,,,,
TAACCATGCATAGGGGAGAGGACTT,TCTTAATCATGGAGAGGTGGGTTTC,2.546591192,,,,,,,,,,,
TAACCATGCATAGGGGAGAGGACTT,TCTTAATCATGGGAAGGATGGTTTC,4.606281335,,,,,,,,,,,
TAACCATGCATAGGGGAGAGGACTT,TCTTAATCATGTAGAGGAAGGTTTC,7.084208803,,,,,,,,,,,
TAACCATGCATAGGGGAGAGGACTT,TCTTAATCATGAGTAGGAGGGTTTC,9.661229237,,,,,,,,,,,
TAACCATGCATAGGGGAGAGGACTT,TCTTAATCATGATGAGTGGGGTTTC,4.308801805,,,,,,,,,,,
TAACCATGCATAGGGGAGAGGACTT,TCTTAATCATGCGAAGAATGGTTTC,2.458040898,,,,,,,,,,,
TAACCATGCATAGGGGAGAGGACTT,TCTTAATCATGCTGAGAGCGGTTTC,2.462432282,,,,,,,,,,,
TAACCATGCATAGGGGAGAGGACTT,TCTTAATCATGCTAAGAGAGGTTTC,3.816628034,,,,,,,,,,,
TAACCATGCATAGGGGAGAGGACTT,TCTTAATCATGTGGAGGTAGGTTTC,1.383550883,,,,,,,,,,,
TAACCATGCATAGGGGAGAGGACTT,TCTTAATCATGAAGAGTGAGGTTTC,2.330361003,,,,,,,,,,,
TAACCATGCATAGGGGAGAGGACTT,TCTTAATCATGATAAGGCGGGTTTC,8.996291901,,,,,,,,,,,
,,,,,,,,,,,,,
,,,,,,,,,,,,,
