,RBS,RBS6,variable,label,Group
0,ATGTATATCTCCTTCTTAAA,TCTCCT,Rep1,3.162413807061898,First round result
1,ATGTATATCTCCTTCTTAAG,TCTCCT,Rep1,1.51006525172739,First round result
2,ATGTATATCTCCTTCTTAAC,TCTCCT,Rep1,0.1046376909946545,First round result
3,ATGTATATCTCCTTCTTAAT,TCTCCT,Rep1,1.5493125443181879,First round result
4,ATGTATATCTCCTTCTTAGA,TCTCCT,Rep1,1.6739010372218757,First round result
5,ATGTATATCTCCTTCTTACA,TCTCCT,Rep1,-0.24405782847850052,First round result
6,ATGTATATCTCCTTCTTATA,TCTCCT,Rep1,0.8484012597666394,First round result
7,ATGTATATCTCCTTCTTCAA,TCTCCT,Rep1,1.468213858996372,First round result
8,ATGTATATCTCCTTCTTTAA,TCTCCT,Rep1,0.0632847385451684,First round result
9,ATGTATATCTCCTTCTGAAA,TCTCCT,Rep1,1.3306042130129299,First round result
10,ATGTATATCTCCTTCTCAAA,TCTCCT,Rep1,2.1753668398342167,First round result
11,ATGTATATCTCCTTCTAAAA,TCTCCT,Rep1,1.3189530342906624,First round result
12,ATGTATATCTCCTTCGTAAA,TCTCCT,Rep1,1.41623927119666,First round result
13,ATGTATATCTCCTTCCTAAA,TCTCCT,Rep1,0.7593291885104944,First round result
14,ATGTATATCTCCTTCATAAA,TCTCCT,Rep1,-0.10577418274159135,First round result
15,ATGTATATCTCCTTGTTAAA,TCTCCT,Rep1,0.3499681557410749,First round result
16,ATGTATATCTCCTTTTTAAA,TCTCCT,Rep1,0.08446531780619318,First round result
17,ATGTATATCTCCTTATTAAA,TCTCCT,Rep1,0.0883564735999854,First round result
18,ATGTATATCTCCTGCTTAAA,TCTCCT,Rep1,-0.004452894989639926,First round result
19,ATGTATATCTCCTCCTTAAA,TCTCCT,Rep1,0.20346477696840462,First round result
20,ATGTATATCTCCTACTTAAA,TCTCCT,Rep1,-0.495286961415677,First round result
21,ATGTATATCTCCGTCTTAAA,TCTCCG,Rep1,0.05876362758047433,First round result
22,ATGTATATCTCCCTCTTAAA,TCTCCC,Rep1,-0.8246637813041383,First round result
23,ATGTATATCTCCATCTTAAA,TCTCCA,Rep1,0.5325772434207705,First round result
24,ATGTATATCTCGTTCTTAAA,TCTCGT,Rep1,0.7199302426260117,First round result
25,ATGTATATCTCTTTCTTAAA,TCTCTT,Rep1,-0.7581429036899506,First round result
26,ATGTATATCTCATTCTTAAA,TCTCAT,Rep1,-0.7634531275291246,First round result
27,ATGTATATCTGCTTCTTAAA,TCTGCT,Rep1,-1.0289042095162126,First round result
28,ATGTATATCTTCTTCTTAAA,TCTTCT,Rep1,-1.1300297030955477,First round result
29,ATGTATATCTACTTCTTAAA,TCTACT,Rep1,-1.1350990909006973,First round result
30,ATGTATATCGCCTTCTTAAA,TCGCCT,Rep1,-1.2321828034231748,First round result
31,ATGTATATCCCCTTCTTAAA,TCCCCT,Rep1,-0.9246645529046362,First round result
32,ATGTATATCACCTTCTTAAA,TCACCT,Rep1,-0.7963458993834901,First round result
33,ATGTATATGTCCTTCTTAAA,TGTCCT,Rep1,-0.5486739902452029,First round result
34,ATGTATATTTCCTTCTTAAA,TTTCCT,Rep1,-0.6610501358788223,First round result
35,ATGTATATATCCTTCTTAAA,TATCCT,Rep1,0.6264636951296397,First round result
36,ATGTATAGCTCCTTCTTAAA,GCTCCT,Rep1,-0.4048804188937979,First round result
37,ATGTATACCTCCTTCTTAAA,CCTCCT,Rep1,-0.436548723105377,First round result
38,ATGTATAACTCCTTCTTAAA,ACTCCT,Rep1,-0.4879143202879306,First round result
39,ATGTATGTCTCCTTCTTAAA,TCTCCT,Rep1,-0.22767788564956415,First round result
40,ATGTATCTCTCCTTCTTAAA,TCTCCT,Rep1,-0.08140332606206656,First round result
41,ATGTATTTCTCCTTCTTAAA,TCTCCT,Rep1,-1.1981011172774234,First round result
42,ATGTAGATCTCCTTCTTAAA,TCTCCT,Rep1,-1.1390451294869552,First round result
43,ATGTACATCTCCTTCTTAAA,TCTCCT,Rep1,0.1924221338393602,First round result
44,ATGTAAATCTCCTTCTTAAA,TCTCCT,Rep1,-0.24065849799767042,First round result
45,ATGTGTATCTCCTTCTTAAA,TCTCCT,Rep1,0.1266595588690619,First round result
46,ATGTCTATCTCCTTCTTAAA,TCTCCT,Rep1,0.9093540310303021,First round result
47,ATGTTTATCTCCTTCTTAAA,TCTCCT,Rep1,2.1453098074821804,First round result
48,ATGGATATCTCCTTCTTAAA,TCTCCT,Rep1,0.6388013533881188,First round result
49,ATGCATATCTCCTTCTTAAA,TCTCCT,Rep1,-0.3201538578438515,First round result
50,ATGAATATCTCCTTCTTAAA,TCTCCT,Rep1,0.23836487620628305,First round result
51,ATTTATATCTCCTTCTTAAA,TCTCCT,Rep1,0.08538283662321912,First round result
52,ATCTATATCTCCTTCTTAAA,TCTCCT,Rep1,-0.008830715482455155,First round result
53,ATATATATCTCCTTCTTAAA,TCTCCT,Rep1,0.007583195410563349,First round result
54,AGGTATATCTCCTTCTTAAA,TCTCCT,Rep1,0.09835209233186469,First round result
55,ACGTATATCTCCTTCTTAAA,TCTCCT,Rep1,0.1163645652714352,First round result
56,AAGTATATCTCCTTCTTAAA,TCTCCT,Rep1,0.3167175667599418,First round result
57,GTGTATATCTCCTTCTTAAA,TCTCCT,Rep1,0.6396420221751673,First round result
58,CTGTATATCTCCTTCTTAAA,TCTCCT,Rep1,-0.7324971112107004,First round result
59,TTGTATATCTCCTTCTTAAA,TCTCCT,Rep1,2.122073409394644,First round result
60,ATGTATAGTCAACTCTTAAA,GTCAAC,Rep1,0.6183638376621785,First round result
61,ATGTATACAGGTATCTTAAA,CAGGTA,Rep1,-0.8231010519304892,First round result
62,ATGTATACGCTTCTCTTAAA,CGCTTC,Rep1,-1.0450620467133942,First round result
63,ATGTATAGCATACTCTTAAA,GCATAC,Rep1,-1.0136192941439042,First round result
64,ATGTATAAAGTGATCTTAAA,AAGTGA,Rep1,-0.9317894793804525,First round result
65,ATGTATAGGCTTCTCTTAAA,GGCTTC,Rep1,-1.1048912410903735,First round result
66,ATGTATATTCTATTCTTAAA,TTCTAT,Rep1,-1.0869071905049301,First round result
67,ATGTATAGTCAGATCTTAAA,GTCAGA,Rep1,-1.022816693103046,First round result
68,ATGTATATACTTATCTTAAA,TACTTA,Rep1,-1.0846047950462623,First round result
69,ATGTATATTTATCTCTTAAA,TTTATC,Rep1,-1.0093975197472667,First round result
70,ATGTATATTGACCTCTTAAA,TTGACC,Rep1,-0.8022188094843897,First round result
71,ATGTATAGGATCGTCTTAAA,GGATCG,Rep1,-0.5330812600653679,First round result
72,ATGTATAGTCTGTTCTTAAA,GTCTGT,Rep1,-0.9144389418785102,First round result
73,ATGTATATATAACTCTTAAA,TATAAC,Rep1,-0.8464027982180345,First round result
74,ATGTATATGTTCCTCTTAAA,TGTTCC,Rep1,-0.9283499421699546,First round result
75,ATGTATATTCGGGTCTTAAA,TTCGGG,Rep1,0.17390245221478784,First round result
76,ATGTATAGACATTTCTTAAA,GACATT,Rep1,-1.0321174542270604,First round result
77,ATGTATAGGTACGTCTTAAA,GGTACG,Rep1,-1.0087548393459858,First round result
78,ATGTATACACGGTTCTTAAA,CACGGT,Rep1,-0.8865117780384937,First round result
79,ATGTATAGTGTCCTCTTAAA,GTGTCC,Rep1,-0.9486940525334094,First round result
80,ATGTATATGGGATTCTTAAA,TGGGAT,Rep1,-0.84116383667867,First round result
81,ATGTATATCGCTCTCTTAAA,TCGCTC,Rep1,-0.8902678318334851,First round result
82,ATGTATAGCATATTCTTAAA,GCATAT,Rep1,0.20944969616478765,First round result
83,ATGTATAATGTTGTCTTAAA,ATGTTG,Rep1,-0.08400305192235333,First round result
84,ATGTATATGTAGCTCTTAAA,TGTAGC,Rep1,0.25513762341960616,First round result
85,ATGTATAGTCTTCTCTTAAA,GTCTTC,Rep1,-0.5554296437696079,First round result
86,ATGTATAACGGAGTCTTAAA,ACGGAG,Rep1,-0.4017047997085133,First round result
87,ATGTATATAGTAATCTTAAA,TAGTAA,Rep1,-0.6935209719433494,First round result
88,ATGTATAGTCTCGTCTTAAA,GTCTCG,Rep1,-0.6983310552302514,First round result
89,ATGTATATCTCCTTCTTAAA,TCTCCT,Rep2,3.021849746296207,First round result
90,ATGTATATCTCCTTCTTAAG,TCTCCT,Rep2,1.2568352569942913,First round result
91,ATGTATATCTCCTTCTTAAC,TCTCCT,Rep2,-0.005635054755897372,First round result
92,ATGTATATCTCCTTCTTAAT,TCTCCT,Rep2,1.1528829519706782,First round result
93,ATGTATATCTCCTTCTTAGA,TCTCCT,Rep2,1.2760718588389899,First round result
94,ATGTATATCTCCTTCTTACA,TCTCCT,Rep2,-0.3520257418866561,First round result
95,ATGTATATCTCCTTCTTATA,TCTCCT,Rep2,0.5217578773897705,First round result
96,ATGTATATCTCCTTCTTCAA,TCTCCT,Rep2,1.4215997031853598,First round result
97,ATGTATATCTCCTTCTTTAA,TCTCCT,Rep2,-0.14171308583289166,First round result
98,ATGTATATCTCCTTCTGAAA,TCTCCT,Rep2,0.9528240048251391,First round result
99,ATGTATATCTCCTTCTCAAA,TCTCCT,Rep2,1.4414771984870882,First round result
100,ATGTATATCTCCTTCTAAAA,TCTCCT,Rep2,1.2956223597966485,First round result
101,ATGTATATCTCCTTCGTAAA,TCTCCT,Rep2,0.9546894983139899,First round result
102,ATGTATATCTCCTTCCTAAA,TCTCCT,Rep2,0.566512395517195,First round result
103,ATGTATATCTCCTTCATAAA,TCTCCT,Rep2,-0.3285479244605681,First round result
104,ATGTATATCTCCTTGTTAAA,TCTCCT,Rep2,0.0872680093608567,First round result
105,ATGTATATCTCCTTTTTAAA,TCTCCT,Rep2,-0.24583785255722027,First round result
106,ATGTATATCTCCTTATTAAA,TCTCCT,Rep2,-0.10312040359669869,First round result
107,ATGTATATCTCCTGCTTAAA,TCTCCT,Rep2,-0.33492053646874115,First round result
108,ATGTATATCTCCTCCTTAAA,TCTCCT,Rep2,0.04895994082949901,First round result
109,ATGTATATCTCCTACTTAAA,TCTCCT,Rep2,-0.6259582221467273,First round result
110,ATGTATATCTCCGTCTTAAA,TCTCCG,Rep2,-0.007520534425529415,First round result
111,ATGTATATCTCCCTCTTAAA,TCTCCC,Rep2,-1.105803085469263,First round result
112,ATGTATATCTCCATCTTAAA,TCTCCA,Rep2,0.18704026973352025,First round result
113,ATGTATATCTCGTTCTTAAA,TCTCGT,Rep2,0.31175310645104637,First round result
114,ATGTATATCTCTTTCTTAAA,TCTCTT,Rep2,-0.913935685453816,First round result
115,ATGTATATCTCATTCTTAAA,TCTCAT,Rep2,-1.0157791767897648,First round result
116,ATGTATATCTGCTTCTTAAA,TCTGCT,Rep2,-1.1726835927888883,First round result
117,ATGTATATCTTCTTCTTAAA,TCTTCT,Rep2,-1.2239625452467302,First round result
118,ATGTATATCTACTTCTTAAA,TCTACT,Rep2,-1.2797824121688635,First round result
119,ATGTATATCGCCTTCTTAAA,TCGCCT,Rep2,-1.3313209941078503,First round result
120,ATGTATATCCCCTTCTTAAA,TCCCCT,Rep2,-0.9535533484389523,First round result
121,ATGTATATCACCTTCTTAAA,TCACCT,Rep2,-1.018497289974533,First round result
122,ATGTATATGTCCTTCTTAAA,TGTCCT,Rep2,-0.7170781015387537,First round result
123,ATGTATATTTCCTTCTTAAA,TTTCCT,Rep2,-1.0289405669475864,First round result
124,ATGTATATATCCTTCTTAAA,TATCCT,Rep2,0.18060710959267023,First round result
125,ATGTATAGCTCCTTCTTAAA,GCTCCT,Rep2,-0.767173919793656,First round result
126,ATGTATACCTCCTTCTTAAA,CCTCCT,Rep2,-0.5717837088126527,First round result
127,ATGTATAACTCCTTCTTAAA,ACTCCT,Rep2,-0.8644784899334678,First round result
128,ATGTATGTCTCCTTCTTAAA,TCTCCT,Rep2,-0.2681016159082224,First round result
129,ATGTATCTCTCCTTCTTAAA,TCTCCT,Rep2,-0.3234693278896936,First round result
130,ATGTATTTCTCCTTCTTAAA,TCTCCT,Rep2,-1.3262064480983757,First round result
131,ATGTAGATCTCCTTCTTAAA,TCTCCT,Rep2,-1.2721464757851841,First round result
132,ATGTACATCTCCTTCTTAAA,TCTCCT,Rep2,0.005888555596422997,First round result
133,ATGTAAATCTCCTTCTTAAA,TCTCCT,Rep2,-0.4907511804048787,First round result
134,ATGTGTATCTCCTTCTTAAA,TCTCCT,Rep2,-0.2162710676252129,First round result
135,ATGTCTATCTCCTTCTTAAA,TCTCCT,Rep2,0.5858266184356979,First round result
136,ATGTTTATCTCCTTCTTAAA,TCTCCT,Rep2,1.6861336202310113,First round result
137,ATGGATATCTCCTTCTTAAA,TCTCCT,Rep2,0.38317332731428205,First round result
138,ATGCATATCTCCTTCTTAAA,TCTCCT,Rep2,-0.4993276786207729,First round result
139,ATGAATATCTCCTTCTTAAA,TCTCCT,Rep2,-0.015513524795348736,First round result
140,ATTTATATCTCCTTCTTAAA,TCTCCT,Rep2,-0.08593004202818438,First round result
141,ATCTATATCTCCTTCTTAAA,TCTCCT,Rep2,-0.07803012804499951,First round result
142,ATATATATCTCCTTCTTAAA,TCTCCT,Rep2,-0.10877599849564724,First round result
143,AGGTATATCTCCTTCTTAAA,TCTCCT,Rep2,0.06784194620418937,First round result
144,ACGTATATCTCCTTCTTAAA,TCTCCT,Rep2,0.059294478415250824,First round result
145,AAGTATATCTCCTTCTTAAA,TCTCCT,Rep2,-0.08767899285523334,First round result
146,GTGTATATCTCCTTCTTAAA,TCTCCT,Rep2,0.28687320855057635,First round result
147,CTGTATATCTCCTTCTTAAA,TCTCCT,Rep2,-1.0966953154439953,First round result
148,TTGTATATCTCCTTCTTAAA,TCTCCT,Rep2,1.7656046684334232,First round result
149,ATGTATAGTCAACTCTTAAA,GTCAAC,Rep2,0.20980012143435933,First round result
150,ATGTATACAGGTATCTTAAA,CAGGTA,Rep2,-1.0868157418982203,First round result
151,ATGTATACGCTTCTCTTAAA,CGCTTC,Rep2,-1.1692590916460517,First round result
152,ATGTATAGCATACTCTTAAA,GCATAC,Rep2,-1.2603294189134013,First round result
153,ATGTATAAAGTGATCTTAAA,AAGTGA,Rep2,-1.2857589948051042,First round result
154,ATGTATAGGCTTCTCTTAAA,GGCTTC,Rep2,-1.2713889339188826,First round result
155,ATGTATATTCTATTCTTAAA,TTCTAT,Rep2,-1.1857461918747543,First round result
156,ATGTATAGTCAGATCTTAAA,GTCAGA,Rep2,-1.1948924899064124,First round result
157,ATGTATATACTTATCTTAAA,TACTTA,Rep2,-1.2750924185648438,First round result
158,ATGTATATTTATCTCTTAAA,TTTATC,Rep2,-1.1508653044146404,First round result
159,ATGTATATTGACCTCTTAAA,TTGACC,Rep2,-0.9324237057902307,First round result
160,ATGTATAGGATCGTCTTAAA,GGATCG,Rep2,-0.6233672671611858,First round result
161,ATGTATAGTCTGTTCTTAAA,GTCTGT,Rep2,-1.1420322194500363,First round result
162,ATGTATATATAACTCTTAAA,TATAAC,Rep2,-1.0902763137632157,First round result
163,ATGTATATGTTCCTCTTAAA,TGTTCC,Rep2,-1.1564415341014793,First round result
164,ATGTATATTCGGGTCTTAAA,TTCGGG,Rep2,-0.23952293676259534,First round result
165,ATGTATAGACATTTCTTAAA,GACATT,Rep2,-1.2221766609945452,First round result
166,ATGTATAGGTACGTCTTAAA,GGTACG,Rep2,-1.1891393627748192,First round result
167,ATGTATACACGGTTCTTAAA,CACGGT,Rep2,-1.1585836004564818,First round result
168,ATGTATAGTGTCCTCTTAAA,GTGTCC,Rep2,-1.0978739333702696,First round result
169,ATGTATATGGGATTCTTAAA,TGGGAT,Rep2,-1.176536156574582,First round result
170,ATGTATATCGCTCTCTTAAA,TCGCTC,Rep2,-1.1572101808627482,First round result
171,ATGTATAGCATATTCTTAAA,GCATAT,Rep2,-0.008291390123905994,First round result
172,ATGTATAATGTTGTCTTAAA,ATGTTG,Rep2,-0.6436157578358754,First round result
173,ATGTATATGTAGCTCTTAAA,TGTAGC,Rep2,0.08365074242823858,First round result
174,ATGTATAGTCTTCTCTTAAA,GTCTTC,Rep2,-0.6079265759635579,First round result
175,ATGTATAACGGAGTCTTAAA,ACGGAG,Rep2,-0.47412678506698086,First round result
176,ATGTATATAGTAATCTTAAA,TAGTAA,Rep2,-1.027857518741398,First round result
177,ATGTATAGTCTCGTCTTAAA,GTCTCG,Rep2,-0.8125379486952836,First round result
178,ATGTATATCTCCTTCTTAAA,TCTCCT,Rep3,4.3658584196176955,First round result
179,ATGTATATCTCCTTCTTAAG,TCTCCT,Rep3,2.585340969350626,First round result
180,ATGTATATCTCCTTCTTAAC,TCTCCT,Rep3,0.9652631456192206,First round result
181,ATGTATATCTCCTTCTTAAT,TCTCCT,Rep3,2.4101306812911063,First round result
182,ATGTATATCTCCTTCTTAGA,TCTCCT,Rep3,2.1411817024130237,First round result
183,ATGTATATCTCCTTCTTACA,TCTCCT,Rep3,0.3850288983506709,First round result
184,ATGTATATCTCCTTCTTATA,TCTCCT,Rep3,1.4257510118459085,First round result
186,ATGTATATCTCCTTCTTTAA,TCTCCT,Rep3,2.230416940868935,First round result
187,ATGTATATCTCCTTCTGAAA,TCTCCT,Rep3,0.7639488050832792,First round result
188,ATGTATATCTCCTTCTCAAA,TCTCCT,Rep3,2.065996515785704,First round result
189,ATGTATATCTCCTTCTAAAA,TCTCCT,Rep3,2.1888762680510454,First round result
190,ATGTATATCTCCTTCGTAAA,TCTCCT,Rep3,2.782404390364937,First round result
191,ATGTATATCTCCTTCCTAAA,TCTCCT,Rep3,2.3012932221102553,First round result
192,ATGTATATCTCCTTCATAAA,TCTCCT,Rep3,1.3860103254079625,First round result
193,ATGTATATCTCCTTGTTAAA,TCTCCT,Rep3,0.4574873214913433,First round result
194,ATGTATATCTCCTTTTTAAA,TCTCCT,Rep3,0.3460231706077192,First round result
195,ATGTATATCTCCTTATTAAA,TCTCCT,Rep3,0.16508999570364424,First round result
196,ATGTATATCTCCTGCTTAAA,TCTCCT,Rep3,0.34738773309287285,First round result
197,ATGTATATCTCCTCCTTAAA,TCTCCT,Rep3,0.3452196221424951,First round result
198,ATGTATATCTCCTACTTAAA,TCTCCT,Rep3,0.6895166500724443,First round result
199,ATGTATATCTCCGTCTTAAA,TCTCCG,Rep3,0.002348361847411441,First round result
200,ATGTATATCTCCCTCTTAAA,TCTCCC,Rep3,0.5553928143146735,First round result
201,ATGTATATCTCCATCTTAAA,TCTCCA,Rep3,-0.20924629530525682,First round result
202,ATGTATATCTCGTTCTTAAA,TCTCGT,Rep3,1.2558303446093835,First round result
203,ATGTATATCTCTTTCTTAAA,TCTCTT,Rep3,1.216923879450986,First round result
204,ATGTATATCTCATTCTTAAA,TCTCAT,Rep3,-0.23172618152157823,First round result
205,ATGTATATCTGCTTCTTAAA,TCTGCT,Rep3,-0.3273219990564372,First round result
206,ATGTATATCTTCTTCTTAAA,TCTTCT,Rep3,-0.6037947613745634,First round result
207,ATGTATATCTACTTCTTAAA,TCTACT,Rep3,-0.7395864221345889,First round result
208,ATGTATATCGCCTTCTTAAA,TCGCCT,Rep3,-0.7174326147468765,First round result
209,ATGTATATCCCCTTCTTAAA,TCCCCT,Rep3,-0.7379750217350015,First round result
210,ATGTATATCACCTTCTTAAA,TCACCT,Rep3,-0.3622550974583625,First round result
211,ATGTATATGTCCTTCTTAAA,TGTCCT,Rep3,-0.3177461100420044,First round result
212,ATGTATATTTCCTTCTTAAA,TTTCCT,Rep3,-0.2767584032756771,First round result
213,ATGTATATATCCTTCTTAAA,TATCCT,Rep3,0.055035938089733005,First round result
214,ATGTATAGCTCCTTCTTAAA,GCTCCT,Rep3,1.1883061873799339,First round result
215,ATGTATACCTCCTTCTTAAA,CCTCCT,Rep3,0.13262364377447805,First round result
216,ATGTATAACTCCTTCTTAAA,ACTCCT,Rep3,0.06129258776850984,First round result
217,ATGTATGTCTCCTTCTTAAA,TCTCCT,Rep3,-0.06784791420574,First round result
218,ATGTATCTCTCCTTCTTAAA,TCTCCT,Rep3,0.02914119181154561,First round result
219,ATGTATTTCTCCTTCTTAAA,TCTCCT,Rep3,0.026164210704418208,First round result
220,ATGTAGATCTCCTTCTTAAA,TCTCCT,Rep3,-0.8392978804030463,First round result
221,ATGTACATCTCCTTCTTAAA,TCTCCT,Rep3,-0.8070494376256279,First round result
222,ATGTAAATCTCCTTCTTAAA,TCTCCT,Rep3,0.6438296660142171,First round result
223,ATGTGTATCTCCTTCTTAAA,TCTCCT,Rep3,0.3144644991024748,First round result
224,ATGTCTATCTCCTTCTTAAA,TCTCCT,Rep3,0.43367198446190763,First round result
225,ATGTTTATCTCCTTCTTAAA,TCTCCT,Rep3,1.4355662995215546,First round result
226,ATGGATATCTCCTTCTTAAA,TCTCCT,Rep3,2.67167973570291,First round result
227,ATGCATATCTCCTTCTTAAA,TCTCCT,Rep3,1.2213741093912989,First round result
228,ATGAATATCTCCTTCTTAAA,TCTCCT,Rep3,0.11210657563152841,First round result
229,ATTTATATCTCCTTCTTAAA,TCTCCT,Rep3,0.5391434140185466,First round result
230,ATCTATATCTCCTTCTTAAA,TCTCCT,Rep3,0.18491037952725653,First round result
231,ATATATATCTCCTTCTTAAA,TCTCCT,Rep3,0.27955635132354834,First round result
232,AGGTATATCTCCTTCTTAAA,TCTCCT,Rep3,0.2418708852391674,First round result
233,ACGTATATCTCCTTCTTAAA,TCTCCT,Rep3,0.4355290825427402,First round result
234,AAGTATATCTCCTTCTTAAA,TCTCCT,Rep3,0.5775871931256102,First round result
235,GTGTATATCTCCTTCTTAAA,TCTCCT,Rep3,0.6860616894507356,First round result
236,CTGTATATCTCCTTCTTAAA,TCTCCT,Rep3,0.9064395138756652,First round result
237,TTGTATATCTCCTTCTTAAA,TCTCCT,Rep3,0.040161638853399094,First round result
238,ATGTATAGTCAACTCTTAAA,GTCAAC,Rep3,2.795741060379211,First round result
239,ATGTATACAGGTATCTTAAA,CAGGTA,Rep3,1.1812328802694005,First round result
240,ATGTATACGCTTCTCTTAAA,CGCTTC,Rep3,-0.3032883651508868,First round result
241,ATGTATAGCATACTCTTAAA,GCATAC,Rep3,-0.6157539747968609,First round result
242,ATGTATAAAGTGATCTTAAA,AAGTGA,Rep3,-0.8243654248431297,First round result
243,ATGTATAGGCTTCTCTTAAA,GGCTTC,Rep3,-0.7361263000166081,First round result
244,ATGTATATTCTATTCTTAAA,TTCTAT,Rep3,-0.6694350647491077,First round result
245,ATGTATAGTCAGATCTTAAA,GTCAGA,Rep3,-0.6032984955549542,First round result
246,ATGTATATACTTATCTTAAA,TACTTA,Rep3,-0.6098408301854881,First round result
247,ATGTATATTTATCTCTTAAA,TTTATC,Rep3,-0.6143455086627245,First round result
248,ATGTATATTGACCTCTTAAA,TTGACC,Rep3,-0.4166124877997259,First round result
249,ATGTATAGGATCGTCTTAAA,GGATCG,Rep3,0.07644335503153049,First round result
250,ATGTATAGTCTGTTCTTAAA,GTCTGT,Rep3,0.2006653836380228,First round result
251,ATGTATATATAACTCTTAAA,TATAAC,Rep3,-0.27659322541306064,First round result
252,ATGTATATGTTCCTCTTAAA,TGTTCC,Rep3,-0.44075666981641026,First round result
253,ATGTATATTCGGGTCTTAAA,TTCGGG,Rep3,-0.49641047286958573,First round result
254,ATGTATAGACATTTCTTAAA,GACATT,Rep3,0.008043456139303247,First round result
255,ATGTATAGGTACGTCTTAAA,GGTACG,Rep3,-0.6715773842686203,First round result
256,ATGTATACACGGTTCTTAAA,CACGGT,Rep3,-0.5224974853952566,First round result
257,ATGTATAGTGTCCTCTTAAA,GTGTCC,Rep3,-0.5423775880441317,First round result
258,ATGTATATGGGATTCTTAAA,TGGGAT,Rep3,-0.5111348433415517,First round result
259,ATGTATATCGCTCTCTTAAA,TCGCTC,Rep3,-0.3547963403481412,First round result
260,ATGTATAGCATATTCTTAAA,GCATAT,Rep3,-0.24781565708913433,First round result
261,ATGTATAATGTTGTCTTAAA,ATGTTG,Rep3,0.971898246157086,First round result
262,ATGTATATGTAGCTCTTAAA,TGTAGC,Rep3,0.7258598408005149,First round result
263,ATGTATAGTCTTCTCTTAAA,GTCTTC,Rep3,0.945679250168039,First round result
264,ATGTATAACGGAGTCTTAAA,ACGGAG,Rep3,0.0926927828853561,First round result
265,ATGTATATAGTAATCTTAAA,TAGTAA,Rep3,0.254966472937837,First round result
266,ATGTATAGTCTCGTCTTAAA,GTCTCG,Rep3,-0.16711628767575173,First round result
0,TTAAGTAAGCGGGGAAAATA,AGCGGG,no,2.063818463856967,Baseline data
1,TTAAGTAGACGCGGAAAATA,GACGCG,no,-0.8012252407771336,Baseline data
2,TTAAGTAAGCGCGGAAAATA,AGCGCG,no,-0.5653696120349013,Baseline data
3,TTAAGTAAACGAGGAAAATA,AACGAG,no,0.1512802250008052,Baseline data
4,TTAAGTAGGCGAGGAAAATA,GGCGAG,no,0.8554347319180403,Baseline data
5,TTAAGTAGGCGCGGAAAATA,GGCGCG,no,-0.676623213933099,Baseline data
6,TTAAGTAAACGGGGAAAATA,AACGGG,no,-0.1761576425615493,Baseline data
7,TTAAGTAAACGCGGAAAATA,AACGCG,no,-0.756362489267441,Baseline data
8,TTAAGTAGACGAGGAAAATA,GACGAG,no,-0.4981256668190308,Baseline data
9,TTAAGTAGGCGGGGAAAATA,GGCGGG,no,0.06667329094561292,Baseline data
30,TTAAGTAGGCGAGGAAAATA,GGCGAG,no,0.06667329094561292,Baseline data
34,TTAAGTAGACGGGGAAAATA,GACGGG,no,-0.6541918381782527,Baseline data
47,TTAAGTAAACGGGGAAAATA,AACGGG,no,-0.1762078246102179,Baseline data
59,AGCATCTAAGGGGGATACTA,AAGGGG,no,1.6980916931605012,Baseline data
61,AGCATCTAAGAGGGGTACTA,AAGAGG,no,0.5121895190250894,Baseline data
62,AGCATCTAAGGGGGGTACTA,AAGGGG,no,2.626660321723537,Baseline data
66,AGCATCTAAGGGGGCTACTA,AAGGGG,no,-0.11443372269922042,Baseline data
67,AGCATCTAAGAGGGATACTA,AAGAGG,no,-0.5883529903251018,Baseline data
78,AGCATCTAAGAGCGATACTA,AAGAGC,no,-0.7984652281003629,Baseline data
79,AGCATCTAAGGGCGGTACTA,AAGGGC,no,-0.4403159467528496,Baseline data
89,AGCATCTAAGAGGGCTACTA,AAGAGG,no,-0.5883529903251018,Baseline data
93,AGCATCTAAGGGCGCTACTA,AAGGGC,no,-0.7767865830755449,Baseline data
94,AGCATCTAAGAGCGGTACTA,AAGAGC,no,-0.7238445217302141,Baseline data
95,AGCATCTAAGGGCGATACTA,AAGGGC,no,-0.7609792377449485,Baseline data
100,AGCATCTAAGAGCGCTACTA,AAGAGC,no,-0.822402065315266,Baseline data
104,AGCATCTAAGGGCGGTACTA,AAGGGC,no,-0.7767865830755449,Baseline data
117,AGCATCTAAGAGGGCTACTA,AAGAGG,no,-0.7658970785144674,Baseline data
119,TTTAAGGAAGGAACGTACAT,AAGGAA,no,0.1965444328998464,Baseline data
120,TTTAAGGACGTAACGTACAT,ACGTAA,no,3.136108479806759,Baseline data
121,TTTAAGGAAGGAACGTACAT,AAGGAA,no,-0.5883529903251018,Baseline data
122,TTTAAGGAAGAAACGTACAT,AAGAAA,no,1.8145140460715607,Baseline data
124,TTTAAGGAAGAAACGTACAT,AAGAAA,no,-0.38466405477941645,Baseline data
125,TTTAAGGAGGAAACGTACAT,AGGAAA,no,-0.5883529903251018,Baseline data
126,TTTAAGGAAGGAACGTACAT,AAGGAA,no,-0.7716178320626832,Baseline data
127,TTTAAGGACGTAACGTACAT,ACGTAA,no,0.1965444328998464,Baseline data
128,TTTAAGGAAGTAACGTACAT,AAGTAA,no,0.9331165432569712,Baseline data
129,TTTAAGGAAGGAACGTACAT,AAGGAA,no,1.8145140460715607,Baseline data
131,TTTAAGGACGTAACGTACAT,ACGTAA,no,-0.5883529903251018,Baseline data
134,TTTAAGGACGTAACGTACAT,ACGTAA,no,-0.7716178320626832,Baseline data
136,TTTAAGGACGGAACGTACAT,ACGGAA,no,1.8145140460715607,Baseline data
138,TTTAAGGACGGAACGTACAT,ACGGAA,no,-0.14599823131174472,Baseline data
139,TTTAAGGACGTAACGTACAT,ACGTAA,no,-0.5402785877006213,Baseline data
140,TTTAAGGAAGAAACGTACAT,AAGAAA,no,-0.5402785877006213,Baseline data
142,TTTAAGGACGGAACGTACAT,ACGGAA,no,-0.38466405477941645,Baseline data
143,TTTAAGGACGAAACGTACAT,ACGAAA,no,-0.5883529903251018,Baseline data
145,TTTAAGGAAGAAACGTACAT,AAGAAA,no,-0.7716178320626832,Baseline data
146,TTTAAGGACGAAACGTACAT,ACGAAA,no,-0.14599823131174472,Baseline data
148,TTTAAGGAAGGAACGTACAT,AAGGAA,no,-0.6374310339229535,Baseline data
149,TTTAAGGAGGGAACGTACAT,AGGGAA,no,-0.6374310339229535,Baseline data
150,TTTAAGGACGAAACGTACAT,ACGAAA,no,-0.5402785877006213,Baseline data
151,TTTAAGGAGGTAACGTACAT,AGGTAA,no,-0.5883529903251018,Baseline data
152,TTTAAGGAAGTAACGTACAT,AAGTAA,no,-0.6374310339229535,Baseline data
153,TTTAAGGAGGAAACGTACAT,AGGAAA,no,-0.38466405477941645,Baseline data
154,TTTAAGGAAGAAACGTACAT,AAGAAA,no,3.136108479806759,Baseline data
155,TTTAAGGACGGAACGTACAT,ACGGAA,no,0.9331165432569712,Baseline data
156,TTTAAGGAAGGAACGTACAT,AAGGAA,no,-0.5402785877006213,Baseline data
157,TTTAAGGAAGAAACGTACAT,AAGAAA,no,-0.5883529903251018,Baseline data
158,AAAGATGAGGAGTGCAAAAA,AGGAGT,no,0.4061046681397533,Baseline data
159,AAAGATGAGGAGTACAAAAA,AGGAGT,no,1.0243475077364135,Baseline data
166,AAATATGAGGAGTACAAAAA,AGGAGT,no,3.5333495770670806,Baseline data
167,AAATATGAGGAGTGCAAAAA,AGGAGT,no,1.828866111990769,Baseline data
174,AAAGATGAGGCGTACAAAAA,AGGCGT,no,-0.5977872154747911,Baseline data
180,AAAGATGAGGCGTGCAAAAA,AGGCGT,no,-0.7739763883501055,Baseline data
188,AAATATGAGGCGTACAAAAA,AGGCGT,no,-0.2935334543973113,Baseline data
193,AAATATGAGGCGTGCAAAAA,AGGCGT,no,-0.7127542889744622,Baseline data
197,AACACGAGAGGAGGCATACG,GAGGAG,no,-0.42380605274089334,Baseline data
198,AACACGCGAGGAGGAATACG,GAGGAG,no,-0.7039222484087957,Baseline data
199,AACACGTGACGAGGAATACG,GACGAG,no,-0.42380605274089334,Baseline data
200,AACACGAGAGGAGGAATACG,GAGGAG,no,-0.7297660034731042,Baseline data
202,AACACGAGACGAGGAATACG,GACGAG,no,-0.7297660034731042,Baseline data
203,AACACGTGACGAGGAATACG,GACGAG,no,0.833103720260531,Baseline data
204,AACACGCGACGAGGCATACG,GACGAG,no,-0.42380605274089334,Baseline data
205,AACACGAGAGGAGGCATACG,GAGGAG,no,-0.7039222484087957,Baseline data
206,AACACGTGAGGAGGAATACG,GAGGAG,no,-0.5441426054481003,Baseline data
207,AACACGAGAGGAGGAATACG,GAGGAG,no,-0.42380605274089334,Baseline data
209,AACACGTGACGAGGAATACG,GACGAG,no,-0.7039222484087957,Baseline data
212,AACACGCGACGAGGCATACG,GACGAG,no,-0.7039222484087957,Baseline data
214,AACACGAGAGGAGGAATACG,GAGGAG,no,-0.24691433118421904,Baseline data
216,AACACGTGAGGAGGCATACG,GAGGAG,no,-0.24691433118421904,Baseline data
217,AACACGTGACGAGGCATACG,GACGAG,no,-0.7039222484087957,Baseline data
218,AACACGTGACGAGGCATACG,GACGAG,no,-0.7297660034731042,Baseline data
220,AACACGAGACGAGGAATACG,GACGAG,no,-0.24691433118421904,Baseline data
221,AACACGTGACGAGGAATACG,GACGAG,no,-0.656550394465675,Baseline data
223,AACACGCGACGAGGCATACG,GACGAG,no,-0.7297660034731042,Baseline data
224,AACACGTGAGGAGGCATACG,GAGGAG,no,-0.656550394465675,Baseline data
226,AACACGAGACGAGGCATACG,GACGAG,no,-0.42380605274089334,Baseline data
227,AACACGAGACGAGGCATACG,GACGAG,no,1.2532780137623847,Baseline data
228,AACACGTGACGAGGCATACG,GACGAG,no,-0.656550394465675,Baseline data
229,AACACGTGACGAGGAATACG,GACGAG,no,2.91129290177161,Baseline data
230,AACACGAGACGAGGCATACG,GACGAG,no,-0.5441426054481003,Baseline data
231,AACACGAGACGAGGAATACG,GACGAG,no,0.833103720260531,Baseline data
232,AACACGCGAGGAGGAATACG,GAGGAG,no,-0.7297660034731042,Baseline data
233,AACACGTGAGGAGGAATACG,GAGGAG,no,-0.24691433118421904,Baseline data
234,AACACGTGACGAGGCATACG,GACGAG,no,-0.42380605274089334,Baseline data
235,AACACGTGACGAGGAATACG,GACGAG,no,-0.7297660034731042,Baseline data
236,GCCAAATTGGGAGGTGGGCG,TGGGAG,no,-0.19427336213089952,Baseline data
237,GCCAAATTGGGAGGTGGGCG,TGGGAG,no,-0.19422318008223094,Baseline data
238,GCCAAATTGGGAGGAGGGCG,TGGGAG,no,0.2623330987043287,Baseline data
239,GCCAAATTGGGAGGAGGGCG,TGGGAG,no,0.2624334628016658,Baseline data
240,GCCAAATTGGGAGGAGGGCG,TGGGAG,no,0.2624836448503344,Baseline data
241,GCCAAATAGGGAGGAGGGCG,AGGGAG,no,2.248538585005937,Baseline data
242,GCCAAATTGGGAGGAGGGCG,TGGGAG,no,0.262182552558323,Baseline data
243,GCCAAATTGGGAGGTGGGCG,TGGGAG,no,-0.1944239082769052,Baseline data
244,GCCAAATTGGGAGGAGGGCG,TGGGAG,no,0.26223273460699154,Baseline data
245,GCCAAATTGGGAGGTGGGCG,TGGGAG,no,-0.19437372622823662,Baseline data
248,GCCAAATTGGGAGGAGGGCG,TGGGAG,no,0.2623832807529972,Baseline data
250,GCCAAATTGGGAGGAGGGCG,TGGGAG,no,0.2625338268990029,Baseline data
251,GCCAAATTGGGAGGTGGGCG,TGGGAG,no,-0.19432354417956807,Baseline data
252,GCCAAATAGGGAGGTGGGCG,AGGGAG,no,0.6673524135082771,Baseline data
254,GCCAAATTGGGAGGAGGGCG,TGGGAG,no,0.2622829166556601,Baseline data
256,GCCAAATAGGGAGGAGGGCG,AGGGAG,no,2.2485887670546054,Baseline data
257,GCCAAATTGGGAGGCGGGCG,TGGGAG,no,-0.705829166258201,Baseline data
264,GCCAAATAGGGAGGCGGGCG,AGGGAG,no,-0.5353105648824338,Baseline data
